RT @bafabafarin2: ä¹…ã€…ã®BODY BATTLEã¯é•·ã„æ²ˆé»™ã‚’ç ´ã‚‹ã‹ã®å¦‚ãè¡Œã‚ã‚ŒãŸç­‹è‚‰vsç­‹è‚‰ãƒ‡ã‚¹ãƒãƒƒãƒ!!  è¦‹ã‚‹è€…ã‚’åœ§å€’ã•ã›ã‚‹ãã®éš†èµ·ã—ãŸç­‹è‚‰ã«é…”ã„ã—ã‚Œã‚‹ã‚‚è‰¯ã—!!ä»Šå­£æœ€é«˜ã®ç”·é”ã‚’è¦‹é€ƒã™ãª!! â†’https://t.co/VXZ5edGoxQ https://â€¦	1.0
BBW AnneMarie Solo  https://t.co/z89kp9j8vw   free teen wit dildo in ass Bbvbigtits jounporn solo film gratis xhamster movies bbw sofia rose recent movies	1.0
RT @PhilaUnion: Warmup photo or movie poster? ğŸ¤”  Either way, it's almost time to #DOOP. https://t.co/yuHYz4GuIp	1.0
RT @TheFrankOzJam: And those came from Jim's imagination and genius https://t.co/3ATJoGTvg5	1.0
IW then Titanic, Force Awakens then Avatar https://t.co/lED30uBPQ8	1.0
RT @m_isschief: Can you do something for me, please? RT, comment, or quote this with your favorite Loki moment or line from any Marvel moviâ€¦	1.0
"RT @WalkingFannibal: Marvel is so intelligent like using Tom Holland as the permanent \"spoiler-boy\" with him \"leaking\" posters and titles tâ€¦"	0.0
RT @OWKreal: https://t.co/UNgiN0nZgi - update for #OWK website: 5 pics @MissCourtneyM at @OWK_CASTLE * 99602 pics, 3180 clips &amp; movies andâ€¦	0.0
@isoolovevicegee Ay okay po. Salamat, ateeee. Wala po akong alam sa kemberlu ng mga movies HAHHAHA ğŸ˜‚	1.0
RT @st_joys0721: Isipin natin magiging hit ang WalWal movie. Positive thinking positive vibes, positive outcome. Bawal mag nega gat nde nagâ€¦	1.0
å°èª¬ç‰ˆã€OVER DRIVEã€ movie &amp; nobel special editionã‚’èª­ã¿ã¾ã—ãŸã€‚  è©¦ã—èª­ã¿ã§å½“é¸ç¢ºç‡2å€ï¼ ã€Œ#æ±å‡ºæ˜Œå¤§ ã•ã‚“ã€#æ–°ç”°çœŸå‰£ä½‘ ã•ã‚“ã€#æ£®å·è‘µ ã•ã‚“ï¼ˆäºˆå®šï¼‰ã®ã‚µã‚¤ãƒ³å…¥ã‚Šãƒ—ãƒ¬ã‚¹ã‚·ãƒ¼ãƒˆ(éå£²å“)ã€ã‚’ï¼•åæ§˜ã«ãƒ—ãƒ¬ã‚¼ãƒ³ãƒˆï¼  https://t.co/7SuifvstC0 #TRCS #overdrive #é§†ã‘ã‚	0.0
RT @marcolme: tony.labrusca doing his own stunt for #doubletwistingdoubleback. #c1originalsfilmfestival2018 #movie #film #actor #cinema #arâ€¦	0.0
RT @signofmedicinex: Next month we will be celebrating:  1 year of Dunkirk movie. 1 year of back to you. 8 years of one direction.  that'sâ€¦	0.0
hindi pwedeng hindi ako manonood ng bagong movie ng kathniel. hMp	0.0
RT @StarMaa: . @actorvijay @Samanthaprabhu2 @MsKajalAggarwal #NithyaMenon Superhit Movie #Adhirindi World Television Premiere...Today at 6â€¦	1.0
RT @ibeingdevil__: @taran_adarsh This might be the first time that a movie is being promoted on the name of Director &amp; not the actor.  Newâ€¦	0.0
RT @RealCandaceO: If you were outraged over Roseanne tweeting that Valerie Jarrett looks like a monkey, but are okay with the fact that @Soâ€¦	0.0
RT @BTSARMY_Salon: I came across to the movie called 'Alya' and heard it's based on a true story of a war orphan &amp; Turkish soldier in Koreaâ€¦	0.0
Wow, who cares, @Sethrogen movies all about dope. His movies suk... https://t.co/vHX56uVuqH	0.0
This movie ğŸ’“ğŸ˜­ https://t.co/XBCXcLccji	1.0
RT @rachel_china: For sure Kiko will miss this baby girl! Whatta ball of sunshine! Heâ€™s taking a vid first to K then she saw it and Kik sudâ€¦	1.0
Movie Business Takes a Page From Netflix With Subscription Plans  https://t.co/FhI7HKdV0m	0.0
itâ€™s raining so much today and all i can think about is laying on the couch with yoongs, drinking hot chocolate and watching movies while the rain pours in the background &gt;:(	0.0
@smc429 @krassenstein @delegancepearls Stripping and doggie sex Porn movies.	0.0
RT @WhyLarryIsReal: Louis: *loud sigh*  Harry: Babe, whatâ€™s wrong?  Louis: You havenâ€™t looked at me for 10 minutes.  Harry: Weâ€™re watchingâ€¦	0.0
RT @tomkeenebooks: goal: to read a book about the american revolution that strips away all the garbage we learned in grade school. https://â€¦	0.0
RT @AyasZA: Enjoying #TheNextThreeDays movie on @MNet	0.0
RT @AcneSkinSite: Stress Free = AcneFree  Manage Stress   Yoga Prayer Exercise Play Golf Stretching Meditation Do Puzzles Eat healthy Slowâ€¦	0.0
RT @gothsloki: fuck my ratio i want new mutuals gain tweet! so rt if you stan  - the whole mcu - tom hiddleston - loki - tom oohwooh hiddleâ€¦	0.0
RT @ManaByte: I want a movie with Spider-Man, Falcon, and Bucky. Like Three Amigos in the MCU.	0.0
RT @sakurabooty: JDNDKSK HELP HE LOOKS SO DIFFERENT BETWEEN THE TWO MOVIES https://t.co/ggmAZv2gcc	0.0
Video: Left-Wing Activists Harass Florida AG Pam Bondi at Movie Theater | Breitbart https://t.co/nMYfMyAVyG via @BreitbartNews	1.0
"RT @ThatUmbrella: So click into this and give it a look.  I liked the style with a samurai tale; I'm a huge consumer of samurai and \"swordmâ€¦"	0.0
Sunday morning movie â€” Jurassic World 2: The Wrath of Star-Lord!!! https://t.co/ms8U7wpEH7	1.0
RT @loveqmaichard: @gmanetwork wrote &amp; performed,  2017  PMPC Star Awards - Movie Original Theme Song of the Year - Imagine You &amp; Me......#â€¦	1.0
Batendo uma no banheiro do trabalho  https://t.co/VAVtmJqZB2   masturbation in class movie videos porno crossdresser hetero	1.0
@Thyview @arrahman @Atlee_dir Bajana Cheyi Mana Movies ki Vallu Asala Dhekaru Nuv matram Thega Naakuthav	0.0
https://t.co/zXOUS2Alnb	1.0
RT @CarolineMHart: @JurassicWorld It was FANTASTIC from start to finish, I absolutely loved it &amp; highly recommend seeing it! My favorite moâ€¦	2.0
RT @mightytazwar: Advanced tickets of Ranbir Kapoor's movie sold at BMS&lt;3  ^^ Ye line #Sanju ke baad ek saal tak bol nehi paoge ğŸ˜– So show aâ€¦	0.0
RT @RWilkes94: can you believe there's a Disney movie that literally opens on a racial minority in a jester costume, basically publicly accâ€¦	1.0
I don't know, but in the movie Roseanne Barr is probably their tour manager. ğŸ˜‚ https://t.co/mwG61jEOGm	0.0
RT @MaHiro_ARS2355: æ¸¡æµ·å…ˆç”ŸãŒæ³£ã„ãŸ( ï¼›âˆ€ï¼›)( ï¼›âˆ€ï¼›)( ï¼›âˆ€ï¼›)  #ãƒ–ãƒ©ãƒƒã‚¯ãƒšã‚¢ãƒ³ #çœŸç¿”movie https://t.co/hv8A7VmKpj	1.0
RT @shishamo_or: â–·â–·movie/å·¥è—¤å¤«å¦»  ã€Œã€æ„›ã—ã¦ã‚‹ã€ã®è¨€è‘‰ã˜ã‚ƒ è¶³ã‚Šãªã„ãã‚‰ã„ã«å›ãŒå¥½ãã€‚ã€  æœ‰å¸Œå­&gt;ã‚ã‚‹ã¡ã‚ƒã‚“(@Himmel_pon ) https://t.co/cN0p77gBiB	1.0
Somewhere @BarackObama is sitting back LAUGHING HIS ASS OFF at the MAYHEM and HATE in America that HE CREATED along with @TheDemocrats &amp; RINO @GOP And, SOMEBODY TELL THIS CLOWN HE'S NOT THE PRESIDENT ANYMORE!! He doesn't seem to get it!! HE SHOULD BE IN JAIL! https://t.co/nH7UeomRFq	0.0
RT @_CUTE_NEHA: Tumhare liye duniyabhar mi fan honge par mere tarah ho to batao aapke ek bhi movie miss nahi ki bhai jaan ğŸ˜ @BeingSalmanKhaâ€¦	0.0
@Dr_Giallo Interesting slasher premise and good sets to make a suspenseful situation where several tennagers coming around a big castle mistery, but there are slowly and irregular, some scenes are good resolving, some others are lame..i like linda blair but this movie are regular	0.0
AWFUL. Florida GOP Attorney General Pam Bondi Needs Police Escort to Protect Her from SCREAMING HECKLERS at Movie Theater (Video) https://t.co/RT5EPICZ9R	0.0
RT @RegalFilms: Thank you Ayala Malls Solenad and for all the ones who supported our Walwal Movie Tour!  #WalWal3DaysToGo https://t.co/pLcXâ€¦	2.0
RT @kyprtonian: Black panther had more of an impact on little black boys and girls and it's good rep for black folks. How many movies Y'allâ€¦	2.0
RT @IABHI_HR: Even @juniorbachchan had 2-3 record openings in 10 years of his career but Ranbir failed every time even after getting chartbâ€¦	0.0
RT @TFLN_Hotshot: sungwoon: what's a good horror movie? something not western  taehyun: The Reflection  sungwoon: really? where can i findâ€¦	0.0
RT @Jasonbr52158545: SETH ROGEN CAN BE ADDED TO THE LIST OF COMPLETE SHIT HEADS@HE CAN BE ADDED TO THE DT PAY TO SEE HIS MOVIE.#ğŸ˜·ğŸ˜¡	0.0
I'm so ready for this! ğŸ˜±ğŸ˜ğŸ’– https://t.co/GLkqvmspFi	0.0
RT @ManobalaV: The Tamil Nadu theatrical rights of #Thalapathy #Vijay's upcoming movie #Sarkar has been acquired by Industry Hit #Mersal prâ€¦	1.0
RT @empyreall: yall only nasty on twitter. half of you niggas will sit through a subpar netflix movie for damn near two hours just cuddlingâ€¦	0.0
RT @Singing_HaZe: [RT = â¤]  ë“€ì—£ê³¡ ì§„í–‰ì„ ë„ì™€ì£¼ì‹¤ ì˜ìƒë¶„ì„ ëª¨ì‹­ë‹ˆë‹¤ !  &lt;ê·¸ëŸ¬ë¯€ë¡œ you&amp;me&gt; ë¼ëŠ” ë“€ì—£ê³¡ ì…ë‹ˆë‹¤ ! ë§ˆê° ê¸°ê°„ì€ ë„‰ë„‰í•˜ê²Œ ì¡ê³  ì§„í–‰í•˜ë‹ˆ ë¶€ë‹´ì—†ì´ ì €ë‚˜ í•œë¹›ë‹˜ì—ê²Œ ë¬¸ì˜ í•´ì£¼ì„¸ìš”!ğŸ™ğŸ»  Vocal . í•œë¹›,â€¦	0.0
@lovely_MWH17 sama movie kok, yang di pic 1 the incredibles 2004, yang pic 2 the incredible 2018	1.0
RT @1Directioners_E: POWER VOTE #4!!!!!!  â€¢150 RETWEETS = 150 VOTES  â€¢150 REPLIES = 150 VOTES â€¢DON'T ADD EMJOIS! â€¢REPLIES CAN BE REPETITIVEâ€¦	0.0
RT @RegalFilms: Walwal Girls at the last Walwal Movie Tour at Ayala Malls Solenad! #WalWal3DaysToGo https://t.co/KHiKp44nJB	0.0
RT @summerbrennan: Honestly The Shining was the most realistic movie about writing	0.0
@jct_sensation @AhmadChildress @JoshPGreenberg @io9 @FilmClickbait This is clickbait, itâ€™s making you want to CLICK on the article to find out the name, when it could just put the movie name in the title! This is the same thing as a YouTube video called â€œYou wonâ€™t believe this!â€	0.0
RT @empyreall: yall only nasty on twitter. half of you niggas will sit through a subpar netflix movie for damn near two hours just cuddlingâ€¦	0.0
@AlexisAndrewsX god I canâ€™t wait til you make more movies. Best ass in the business.	2.0
I watched Dark Tower last night with Idris Elba and he deserved his title in the movie, The Gunslinger ğŸ”¥	0.0
ãƒ‡ã‚£ã‚ºãƒ‹ãƒ¼â¤ï¸ #ãƒ‡ã‚£ã‚ºãƒ‹ãƒ¼#ãƒ‡ã‚£ã‚ºãƒ‹ãƒ¼ãƒ©ãƒ³ãƒ‰#disney #disneyland #101åŒ¹ã‚ã‚“ã¡ã‚ƒã‚“ #æ±äº¬ãƒ‡ã‚£ã‚ºãƒ‹ãƒ¼ãƒªã‚¾ãƒ¼ãƒˆ35å‘¨å¹´ #ãŸã®ã—ã™ããŸ#love#æ„›ã—ã¦ã‚‹#æœ€é«˜#å¹¸ã›#happy#å‹•ç”»#music #ãƒ ãƒ¼ãƒ“ãƒ¼#movie #ã‚ªãƒ¼ãƒã‚¤ã‚¬ãƒ¼ãƒ«#ohmygirl #aing https://t.co/mUzO0DXecw	1.0
"RT @OlisaOsega: \"Baby, I'm at Anita's place, we're about heading to the movies\" https://t.co/y2vnvPK1lJ"	0.0
RT @Ra_Bies: Karan Johar: Hero ko Rolls Royce do Director: Sir movie me hero gareeb hai KJo: BC gareeb. Theek hai usse Mercedes S Class deâ€¦	0.0
@ubeempress @LauraMStump You canâ€™t â€œmournâ€ something we were never getting. The movie was always going to be Civil War.	0.0
RT @ignorancestoned: Anyways fellas don't waste your time tipping these stripper hoes who's livelihoods depend on you throwing your money aâ€¦	0.0
RT @PathakAKHolic: Sir ji Tag Use nhi kar Rahe ho...  GOLD TRAILER TOMORROW https://t.co/FIIixh13xf	0.0
RT @captsoldier: best mcu movies ranked  15. you 14. can't 13. rank 12. them 11. because 10. those 9. all 8. are 7. diverse 6. and  5. allâ€¦	0.0
Trueeee ğŸ’¯â¤ https://t.co/ynGSBcmrs1	1.0
RT @hemsolo: sebastian stan right now has a contract to film nine marvel movies. he has 5 more after infinity war. heâ€™s going to finish outâ€¦	0.0
RT @nochillinmzasi: RT if you know this movie but still single https://t.co/YtgET43esW	0.0
I'm watching Stand by Me (1986) https://t.co/79a7FnbwOi #trakt	1.0
Real Slut Party Hardcore Sex - wwwTeenXXXPartycom 13  https://t.co/4kdRYIYZJ6   free cathy barry porn for iphone sonam hardcore videos widow moms fuck tube8 video indian youngstor fucking movies brazilcarnivalgroupsex Little teens veoxxx redtubep	1.0
RT @serenadyo: DJ: Thereâ€™re some people in EXO whoâ€™re already known for their acting skills. Director: When I always put a 20â€™s character iâ€¦	0.0
"@sahluwal \"Kissin' Cousins\" is no longer just an Elvis Presley movie. #PermitPatty  #BBQBecky"	0.0
RT @axlpexxy: #videos #movies #theatre #video #photography #instapic #movie #film #films #actor #actress #cinema #dvd #amc #instamovies #stâ€¦	0.0
At times like this, I feel like the movie â€˜Heâ€™s Just Not That Into Youâ€™ was custom made just for me. â˜ºï¸	0.0
RT @zachbraff: A teenager asked me for some good movies a teenager should see. Hereâ€™s my list: https://t.co/ZChYLkhTYJ	0.0
RT So apparently thereâ€™s this page on Netflix to request movie titles or series youâ€™d like to see on the App ğŸ˜ŒğŸ’• https://t.co/CFBt8ydB4h	0.0
RT @spideystights: smh at the ppl saying he only won bc heâ€™s black. maybe itâ€™s because millions of people were able to relate to his characâ€¦	0.0
I slept through the whole fucking movie last night and then woke up to @mosuunn trying to kill us ğŸ¤¦ğŸ¾â€â™‚ï¸	0.0
RT @771h5: To free mankind quarantine the ultimate invasive code.. https://t.co/szvnmDDw4w #ICO #Crypto #Movie #Gamer #Blockchain #Bitcoinâ€¦	1.0
@SkyeMovies @Mark0Connell @Film89UK Gave me some flashbacks of the wonderment of going to my 1st indoor theatre (prior it was all drive in movies), &amp; being obsessed with VHS rentals when that finally broke. I too was from a family of divorce at 5 so your conversation was very relatable. ğŸ‘ğŸ½	0.0
RT @FutbolMane: It is crazy when you think about it how out of anyone in the Swiss team, these 2 scored to knock Serbia out of the World Cuâ€¦	0.0
Nak tgk movie tp ngantuk taleh discuss..	0.0
RT @dameronorgana: me loving sirius black vs me remembering that gary oldman really played him in the movies https://t.co/N0wQCEJLlG	2.0
MAMI announces that film festivals are still relevant in the Netflix era https://t.co/Vpu6sX1MBT	0.0
Watch Thousand Yard Stare Full Movie 2018 free online English Openload https://t.co/Klcw4jDeZf	0.0
RT @callmeuchee: Iâ€™ll never understand how Afrobeat music videos look like this but Nollywood movies looks like the budget was 6 kubo and aâ€¦	0.0
RT @MaHiro_ARS2355: ãƒ–ãƒ©ãƒƒã‚¯ãƒšã‚¢ãƒ³ æ¸¡æµ·å…ˆç”Ÿã®æœ€å¾Œã®æ‰‹è¡“ã‚·ãƒ¼ãƒ³  #ãƒ–ãƒ©ãƒƒã‚¯ãƒšã‚¢ãƒ³ #çœŸç¿”movie https://t.co/MdnrARacGe	1.0
Putcha simula pa lang netong movie ansakit na agad.	0.0
RT @KVR1993: The thought that M.G.P also had their mall tour today yet Kiks chose to go to Walwal Mall Tour and do all these fan service foâ€¦	0.0
RT @adamzainaal: Heres to Yasmin Ahmadâ€™s last movie, Talentime before her passing. One of the most natural yet funny scene ever.   â€œBoleh tâ€¦	0.0
hot take: i donâ€™t use moviepass to see new first run movies basically ever so if the new fees and pricing makes the moviepass model more sustainable i think itâ€™s good. the day moviepass finally dies will be a dark dark day for me	2.0
RT @manuriosfdez: honestly thank u https://t.co/bS4UdvgGzQ	0.0
RT @CoupleWishes: Drive in movie w/ my cutie ğŸ’› https://t.co/8cMVeqocMd	0.0
We've been having a rummage around and found loads of great Steelbooks!  Pick up a Steelbook Blu-Ray from as little as Â£4.99 and find your next movie classic.  Shop Now: https://t.co/YLHtOq7hWy https://t.co/DE4LnQ5jxe	0.0
I wonder if they know that she voted AGAINST putting mandatory E-Verify on the November ballot in Florida as a constitutional amendment thereby letting the voters decide instead of corrupt bought politicians. Perhaps they would have heckled someone else, just sayin. #NoAmnesty https://t.co/5obmXYbQFp	1.0
I kinda want this to be a set up for Secret Wars but the timeline is pretty fucked up for that to happen. :P https://t.co/nqcVvkCIJg	0.0
RT @sexyzone_douga_: å…ƒæ°—ãŒãªã„æ™‚ã«è¦‹ã¦ã»ã—ã„Sexy Zoneå¯ºä¿®è¡Œ(è‡ªåˆ†ã§ã‚‚ä½•ä½œã£ã¦ã‚‹ã‹ã‚ã‹ã‚‰ãªããªã£ãŸ)  #ã½ã¨ã‚‹movie  #SexyZone https://t.co/juAy7tpq4g	1.0
RT @aikonzert: Thank you SM Dasma and Ayala Malls Solenad!  ğŸ¤˜ #WalwalMovie last movie tour done ğŸ˜¥ https://t.co/xhbr6AKzUN	2.0
RT @jbrosenbaum: #ChrisPratt makes a surprise visit to #Vacaville for a special screening of his new movie #JurassicWorldFallenKingdom. #thâ€¦	1.0
RT @empyreall: yall only nasty on twitter. half of you niggas will sit through a subpar netflix movie for damn near two hours just cuddlingâ€¦	0.0
RT @meon091: Omg baby âœ¨ @marlo_mortel https://t.co/Fmd52mjdU4	1.0
Why do you do this... What a way to rub it in.  Iâ€™m sure itâ€™s gonna be amazing though haha https://t.co/x8KdsBH8Yy	2.0
@DoctorRagnarok IMO leia is co protagonist of tesb luke is below even Han for most of that movie. Star Wars has always been about women taking action I donâ€™t know what they watched	0.0
O Cheli Taara ğŸ’ https://t.co/I29agY7PnG	1.0
Aq recommend klau nk tgk movie tu bleh try human centipede.	0.0
RT @CbeAjithFc: Vivegam Hindi Dubbed version Movie Smashed 25M Views on YouTube  Emperor THALA AJITH Create a New Record  Its Just Beginninâ€¦	1.0
@xtina alright https://t.co/WaGg7eoVrf	1.0
RT @BeingUpile: Whole day in bed. Sleep, cuddles, small sex here and there, view of the beach from my bed, breakfast for all meals,some shoâ€¦	2.0
RT @2103cm: Hii, looking for some new mutuals so RT this if you like : -Marvel -Star Wars -B99 -TATBILB -HTGAWM -Stefanie Scott -Harry Pottâ€¦	0.0
I watch this everytime i feel like i want to cry. Two generations with one thing in common, an unfortunate situation. Itâ€™s a great movie about patience and ways to handle grief. Recently out in Netflix so i wa sllike sQuealing   6/10 https://t.co/OzjOOfiFqM	0.0
RT @lordafuqq: Whiplash  Drama  THIS IS THE MOST STRESSFUL MOVIE EVER, J.K Simmons is a monster man, and also its about jazz and drumming,â€¦	1.0
RT @MontyBoa99: FL AG Pam Bondi dropped the state's lawsuit against Trump University. Trump threw her a fundraiser and donated $25,000 immeâ€¦	1.0
RT @hemsolo: sebastian stan right now has a contract to film nine marvel movies. he has 5 more after infinity war. heâ€™s going to finish outâ€¦	0.0
RT @captsoldier: best mcu movies ranked  15. you 14. can't 13. rank 12. them 11. because 10. those 9. all 8. are 7. diverse 6. and  5. allâ€¦	0.0
"RT @NewTSage: Any cartoon or movie we grew up watching \"underrated\" on here https://t.co/w69gou4RM7"	1.0
RT @adorvbucky: Tom: you haven't see the spiderman movie? Anthony: no Tom: ...........well I didn't see the falcon movi- wait there isn't oâ€¦	0.0
RT @aaangelyap: how many bets he wasn't supposed to share that info https://t.co/YTnRu8iEUX	0.0
RT @beautifulcelebz: Character: Michelle Jones  Movie: Spider-Man Homecoming (2017) Actress: Zendaya https://t.co/Q8q7Xvxx5M	1.0
RT @IAmTheSalmanFan: WE DONT WANT DABANGG3    if you make another Dabangg3 thn it will be another disaster like Race3 .  We want our supersâ€¦	0.0
RT @MCU_Tweets: Here's the logo for the movie, as shown by @TomHolland1996 on his newest Instagram post: https://t.co/Z40NHpeta5	0.0
RT @JackPosobiec: To be clear: Peter Fonda still has a twitter account, @SonyPictures still has his movie in theaters, and no one pulled hiâ€¦	0.0
RT @THR: Movie trailers this week: @michaelb4jordan in #CreedII, @TiffanyHaddish in 'Nobody's Fool' https://t.co/fg4DVgvZPB https://t.co/VIâ€¦	0.0
RT @colebrax: BTS on the opening of 'Twilight Zone: The Movie' (1983), discussed on my podcast w/ @hwoodminotaur &amp; @KevinGeeksOut: https://â€¦	1.0
RT @TheHateUGive: The official movie trailer for #TheHateUGive arrives tomorrow. https://t.co/ZMobBSa6jS	1.0
RT @OMGits_Khairy: Nah Marvel goes for who fitsvthw role, not for who has the biggest name.   DC goes for names, not for who fits. https://â€¦	0.0
RT @UnknownKongYT: i just remembered this chinese bootleg dvd of the simpsons movie with the greatest dvd menu of all time and i can't stopâ€¦	0.0
@BeingSalmanKhan @BeingSalmanKhan BAJRANGI BHAIJAAN IS THE ONLY MOVIE IN THE BOLLYWOOD WHICH I CAN EVEN SEE 10 TIMES IN A DAY AND DAILY. THANKS FOR GIVEN SUCH STORY. EVERY TIME I WATCH AND START CRYING AT THE END. BEING HUMAN ğŸ™	0.0
RT @natethegreat118: Thereâ€™s literally 5 movies on why this is a bad idea https://t.co/WypQ15kBse	0.0
