RT @ArbisiRoman: Never feel bad for liking a movie. Admit it. Own it. Love it. Cherish it. You found something in a film that connected witâ€¦	0.0
"RT @thehill: Florida AG driven out of screening of Mr. Roger's movie by protesters chanting \"shame on you\" https://t.co/3USZbKw7ay https://â€¦"	0.0
RT @VRFridayMatinee: One of the leading producer of the State, @IamAntoJoseph will produce @NivinOfficial - @haneef_adeni movie , says closâ€¦	1.0
VIDEO: UNHINGED LEFT-WING ACTIVISTS HARASS FLORIDA AG PAM BONDI AT MOVIE THEATER https://t.co/Fi10QuXoGr	1.0
@mdluqmnurhakim Macam dlm movie doh. Creepy	0.0
#TikTikTik what a movie.. great attempt..super acting #actorjayamravi #NivethaPethuraj Amazing direction. #shakthisoundarajan Mass music super bgm #Dimman	2.0
RT @navneet_mundhra: In a 1992 interview, Salman Khan is talking about his then-upcoming movie 'Andaz Apna Apna'. He asserted that it wouldâ€¦	1.0
https://t.co/r0YeVEzdS2 Gouines XXX porno video hd mobil XXX full night fucking Www Porno Filme Porno PornTube PornTube Sexy Videos asian porn Sexy VideosAmatrices Video porno video hd mobil XXX teen movies Youporn Videos Anal Video XXX british v	0.0
RT @SalmaDey: Good movie. https://t.co/XcUDpIogfc	1.0
RT @Ranbir_Srk: #SanjuAdvanceBookingOpen  Be it Teaser, posters, trailer or promos  Everything has been upto the mark This has created moreâ€¦	0.0
RT @RegalFilms: Walwal Girls at the last Walwal Movie Tour at Ayala Malls Solenad! #WalWal3DaysToGo https://t.co/KHiKp44nJB	0.0
RT @bleach_moviejp: ï¼ ğŸ”¥æ­»ç¥ã¨ã—ã¦ã‚¢ãƒ„ãç”Ÿãã‚ğŸ”¥ ï¼¼  âš”é«˜æ ¡ç”Ÿ å…¼ æ­»ç¥ä»£è¡Œ ğŸ†š æ‚ªéœŠãƒ»è™šï¼œãƒ›ãƒ­ã‚¦ï¼â˜  ãã—ã¦ç¾ã‚Œã‚‹æ›´ãªã‚‹æ•µâ€¦å£®çµ¶ãƒãƒˆãƒ«ãŒå§‹ã¾ã‚‹ğŸ’¥ é»’å´ä¸€è­·ã‚’ãã‚ãˆã¦ã€æ­»ç¥ã«ãªã‚Œâ—  â˜‘æœ¬æ—¥ã®ğŸã¯æœ€å¾Œã®å‹•ç”»ã§ç™ºè¡¨ â˜‘ãƒ•ã‚©ãƒ­ãƒ¼&amp;RTã§ä»Šã‚¹ã‚°æŒ‘æˆ¦ è©³ç´°ğŸ‘‰htâ€¦	0.0
TOMB RAIDER 2018 MOVIE FREE DOWNLOAD HDÂ 720P https://t.co/S95PDxy4cf https://t.co/FG0laX4WTd	1.0
https://t.co/7XYzklbChx	1.0
the reason why i kept saying junmyeon's movie instead of the title is because i am confused and i forget the english title every goddamn time jfjdjd  sorry junmyeon ahğŸ˜‚ğŸ˜…  #dafBAMA2018EXO @weareoneEXO My #TeenChoice for #ChoiceInternationalArtist is #EXO  @weareoneEXO	0.0
Stripped gay male massage  https://t.co/YdPt0gbqgu   Wesley pipes gay porn Punjabi gay dick video ewa sonet free blowjob porn movie on hd danni harwood blow job videos dionne mendez blow jobs videos the best free porns of jada fire in hd where ca	2.0
RT @mishellbaker: Today's Q: Describe yourself using a dessert, a pattern/print, and a movie title.  (Me: salted chocolate, abstract floralâ€¦	0.0
@Jerekwolcott @AdelesBabyDaddy Was this a movie	0.0
ç§ç«‹ãƒ‘ã‚³ãƒ‘ã‚³å¥³å­å¤§å­¦ Report.024ï¼šã€çˆ†ä¹³ã€‘Gã‚«ãƒƒãƒ—çœŸé¢ç›®å¥³å­ã•ãã¡ã‚ƒã‚“ã¯æ¬²æ±‚ä¸æº€å¤§å­¦ç”Ÿï¼ #ã‚¨ãƒ­ #ã‚¨ãƒ­å‹•ç”»  https://t.co/YHnE4xvD9A  #ãƒ ãƒ©ã£ã¨ããŸã‚‰RTâ™ª	0.0
RT @KNVofficial2: It's a New Record in YouTube ğŸ†  1. Ajith's #Vivegam Movie 25Million in 6Days With 192K Likes   2. AlluArjun's #Sarrainoduâ€¦	1.0
"RT @Bonelizquen: Happy 24th!! ğŸ˜âœŒğŸ»  \"Liza sa next movie niyo san mo ba gusto ekiss ka ni Enrique?\"  Liza: ğŸ‘‡ğŸ»  Â©Hopewellnessofficial igs httpâ€¦"	1.0
RT @KNVofficial2: It's a New Record in YouTube ğŸ†  1. Ajith's #Vivegam Movie 25Million in 6Days With 192K Likes   2. AlluArjun's #Sarrainoduâ€¦	1.0
RT @Hoocaress: if u donâ€™t like horror movies i donâ€™t like uğŸ¤·ğŸ¼â€â™€ï¸	0.0
RT @ChazK18: â€œDid you see Saw?â€ â€œOf course I seesaw, Mose and I seesaw all the time.â€ â€œNo, the movie, did you see the movie Saw?â€ â€œOh yeah,â€¦	1.0
RT @Rajesh_Dhanraaj: #43à®µà®°à¯à®Ÿà®šà®¿à®®à¯à®®à®¾à®šà®©à®®à¯ V R not fans just 4 his style in Movies.V R his fans 4 his simple, honest, self confident lifestyle.â€¦	1.0
RT @771h5: To free mankind quarantine the ultimate invasive code.. https://t.co/szvnmDDw4w #ICO #Crypto #Movie #Gamer #Blockchain #Bitcoinâ€¦	1.0
RT @WarpsiwaJAV: PRED-011 Mizuno Asahi ğŸ” #à¸§à¸²à¸£à¹Œà¸›à¸ªà¸´à¸§à¸° #JAV ğŸ¬ Full Movie https://t.co/ZkUYDDdvpK https://t.co/B0dgDGEnvF	1.0
RT @AshGotThis: She smashed his hammer in the first 30 seconds like damn bitch itâ€™s whole movie left can you relax https://t.co/kMceUOVz9M	0.0
"RT @SenyoraMaris: Boy 2 Quizon reveals he didnâ€™t have trouble directing MarNigoâ€™s movie, \"Iâ€™mâ€‚Ellenyaâ€‚L.\" https://t.co/fdvMjfNFEi via @Lionâ€¦"	1.0
"BOOM! Another #AdultWork.com movie clip sale https://t.co/sHd2Phu7Ad \"Anal and throat action\" https://t.co/sBvM5fbDoM"	1.0
I WAS JUST ABOUT TO SAY OMG https://t.co/qziEbbTDut	0.0
Real Slut Girls Love Intercorse In Sex Group Orgy vid-05  https://t.co/fMD9RXdmg0   www 3gp pakistani teen porn com Nieuw hardcore porn amateur chick porn outaouais xxx free porn groupsex movies of negros free germann party pornvideos england col	1.0
RT @o_tibi111: ã€ŒLemon/ç±³æ´¥ç„å¸«ã€  ğŸ‹ğŸ‹ã‚„ã£ã¨æ­Œã£ãŸğŸ‹ğŸ‹  Voâ†’ã‚€ãƒ¼ã•ã‚“ Mixâ†’ã¡ã‚ƒã£ããƒ¼æ§˜(@chakki_Oh) Guitarâ†’ãƒ“ãƒƒæ —æ§˜(@skyry16) llustâ†’ãƒªã‚¼æ§˜(@Splendid_rize27) movieâ†’ã¨ãƒ¼ã„æ§˜(@Toui_â€¦	0.0
"RT @ProfPorn3: \"Alam mo yung una ko tol, sa bakla\"  full movie: https://t.co/oCb2iByDgY https://t.co/TpsNNsU8c4"	1.0
OBA ADEGBORO - LATEST YORUBA EPIC MOVIE: https://t.co/QwhKzvjOab via @YouTube	0.0
RT @hemsolo: alright sally! sebastian stan has been in the 3 captain america movies, one of them having one of his 3 aliasâ€™ as the title, aâ€¦	0.0
RT @RegalFilms: Walwal Girls at the last Walwal Movie Tour at Ayala Malls Solenad! #WalWal3DaysToGo https://t.co/KHiKp44nJB	0.0
RT @scottderrickson: All art is political. All art is philosophical. All art has a message. I suggest you trade in your false guilt for truâ€¦	0.0
RT @aleeyahaqilah: cikgu: ni kenapa hw tak siap cuti lama awak buat apa? Inner self: *remembers all the movie marathons tht you had and allâ€¦	0.0
Mirage - Carnival. @apple Abstract Wallpaper for iPhone X https://t.co/vNpkOMmzvd  #Wallpaper #Abstract #Screen #digitalart #iPhone #iphoneX #artwork #fashion #movies #music https://t.co/COzkOX9GNY	1.0
RT @JoAnningwin: @NetflixLifee YES to Netflix!  I would rather have someone pick #Timeless up than have a 2 hr movie which will for sure enâ€¦	0.0
RT @_JeeenLee94: I wanna go to a drive in movie or a picnic ..	0.0
To celebrate the upcoming release @tagthemovie starring @Renner4Real @edhelms and @MrJakeJohnson we have TWO epic prize bundles to giveaway. CLICK HERE TO ENTER - https://t.co/EmCJp7N2yf #RT #Tagthemovie #competition https://t.co/GzKQMaT6xB	1.0
Last night was a movie!! He was turnt on the ğŸ’Š	0.0
https://t.co/1Iw9Tzs1yU Black Sex XXX hardcore sex XXX fucking videos XXX Porn Suomi Porno XXX pornography Porno Francias porno video hd mobil British Sex Voyeur Project Mubarak XXX Movies Video Erotique Tube Galore	0.0
RT @JohntaeM97: been waiting on a new one https://t.co/GxeK4zJ6kU	0.0
RT @TheRickyDavila: Good. No justice, no peace! https://t.co/5oUv73twII	0.0
@jessp @BootsRiley Jealous!!!!! Such a good movie!!!	1.0
eyyyyyy ğŸ’•ğŸ’•ğŸ’• Set It Up love this movie https://t.co/H9nGXLsFY8	2.0
Whenever I rewatch older movies I realize that using â€œfilm score radioâ€ while working RUINS THE SOUNDTRACK	0.0
The Gotti/Rotten Tomatoes controversy is the trump campaign of movies	0.0
Very young girls sensual lesbian sex 2  https://t.co/SiSTUROPXz   disgusting lesbian gallery dog licking cum movies babes sister porn videos of black men giving oral sex to women picsmassage	0.0
RT @adamzainaal: Heres to Yasmin Ahmadâ€™s last movie, Talentime before her passing. One of the most natural yet funny scene ever.   â€œBoleh tâ€¦	0.0
@BC_Ingle I almost decided to wait but it wasnâ€™t a marvel or DC movie so I left ğŸ˜‚	0.0
RT @spideystights: smh at the ppl saying he only won bc heâ€™s black. maybe itâ€™s because millions of people were able to relate to his characâ€¦	0.0
@YouAintShitJay  when we walked in thinking we were in the wrong movie LOL https://t.co/iTr7Vrh5aS	0.0
@FilmFatale_NYC Ive never understood the reasoning behind Spoilers. You can tell someone what a movie is about without telling what happened. Why give away plot points?	0.0
RT @woIvern: â€œi havenâ€™t seen the falcon movie ... oh wait there isnâ€™t oneâ€ THE DEVIL WORKS HARD BUT TOM HOLLAND WORKS HARDER https://t.co/kâ€¦	1.0
@iamsrk @aanandlrai I can't wait to see this movie	0.0
@akshaykumar I really respect you as an actor and the movies you are doing nowadays. I am also really disgusted to see the advertisement you have participated in for body deodrants. The ad in my opinion displays women in a poor light. As a fan I am very disappointed.	0.0
RT @svpercat: self care for introverts:  -good books -alone time -do nothing for one whole day -a tub of ice cream -alone time -wearing pajâ€¦	0.0
"RT @Unlantise: [ FanArt ] MOVIE QUOTES  (Week-3) #4WOMN #MARKNO   \"à¸šà¸²à¸‡à¸„à¸£à¸±à¹‰à¸‡à¹€à¸£à¸²à¸à¹‡à¹„à¸¡à¹ˆà¸£à¸¹à¹‰à¸•à¸±à¸§à¸§à¹ˆà¸²à¹€à¸£à¸·à¹ˆà¸­à¸‡à¸”à¸µà¹† à¹€à¸à¸´à¸”à¸‚à¸¶à¹‰à¸™à¹ƒà¸à¸¥à¹‰à¹à¸„à¹ˆà¸›à¸¥à¸²à¸¢à¸ˆà¸¡à¸¹à¸à¹€à¸£à¸²à¹€à¸—à¹ˆà¸²à¸™à¸±à¹‰à¸™à¹€à¸­à¸‡â€¦"	0.0
RT @aaangelyap: how many bets he wasn't supposed to share that info https://t.co/YTnRu8iEUX	0.0
RT @Singing_HaZe: [RT = â¤]  ë“€ì—£ê³¡ ì§„í–‰ì„ ë„ì™€ì£¼ì‹¤ ì˜ìƒë¶„ì„ ëª¨ì‹­ë‹ˆë‹¤ !  &lt;ê·¸ëŸ¬ë¯€ë¡œ you&amp;me&gt; ë¼ëŠ” ë“€ì—£ê³¡ ì…ë‹ˆë‹¤ ! ë§ˆê° ê¸°ê°„ì€ ë„‰ë„‰í•˜ê²Œ ì¡ê³  ì§„í–‰í•˜ë‹ˆ ë¶€ë‹´ì—†ì´ ì €ë‚˜ í•œë¹›ë‹˜ì—ê²Œ ë¬¸ì˜ í•´ì£¼ì„¸ìš”!ğŸ™ğŸ»  Vocal . í•œë¹›,â€¦	0.0
RT @MyloveKisses2: Nagpapasalamat din po kami sa lahat ng bumuo ng movie niyo po all the staff,@RegalFilms @RegalRoselle at sa lahat ng kasâ€¦	0.0
RT @kthjjg: tickets for this blockbuster movie has officially sold out ğŸŸï¸ https://t.co/tf2pmWxDSx	0.0
RT @ENGlobalEurope: Our very own Super Elmo @SuperElmo at SM DasmariÃ±as Cavite Mall Tour for  Walwal Movie https://t.co/NW1Fj9307e	0.0
"RT @Unlantise: [ FanArt ] MOVIE QUOTES  (Week-3) #4WOMN #MARKNO   \"à¸šà¸²à¸‡à¸„à¸£à¸±à¹‰à¸‡à¹€à¸£à¸²à¸à¹‡à¹„à¸¡à¹ˆà¸£à¸¹à¹‰à¸•à¸±à¸§à¸§à¹ˆà¸²à¹€à¸£à¸·à¹ˆà¸­à¸‡à¸”à¸µà¹† à¹€à¸à¸´à¸”à¸‚à¸¶à¹‰à¸™à¹ƒà¸à¸¥à¹‰à¹à¸„à¹ˆà¸›à¸¥à¸²à¸¢à¸ˆà¸¡à¸¹à¸à¹€à¸£à¸²à¹€à¸—à¹ˆà¸²à¸™à¸±à¹‰à¸™à¹€à¸­à¸‡â€¦"	0.0
RT @Essential_TV: The #SpiderManHomecoming sequel will be called â€˜Far From Homeâ€™! This #SpiderMan will be the first #Marvel movie after theâ€¦	0.0
i held my pee for the whole incredibles movie and i peed for like a solid minute #worth	0.0
@KrispyKrabby @LonelyGoomba What do you think the secret movie for III will be of?	1.0
I was cringing throught that Winnie movie. The only thing I liked was the song Bleed for Love kaJennifer Hudson	1.0
RT @AnandOfficiaI: It's a New Record in YouTube ğŸ†  1. Thala Ajith's #Vivegam Hindi Dubbed Movie 25M+ Views And 195K+ Likes Within 6Days ğŸ˜â€¦	0.0
RT @aaangelyap: how many bets he wasn't supposed to share that info https://t.co/YTnRu8iEUX	0.0
Movie Trailers This Week: Michael B. Jordan in 'Creed II,' Tiffany Haddish in 'Nobody's Fool' https://t.co/6ty4TLjHnf https://t.co/Ptr8cpR5AF	0.0
RT @MCU_Tweets: Here's the logo for the movie, as shown by @TomHolland1996 on his newest Instagram post: https://t.co/Z40NHpeta5	0.0
RT @ztaor: tao say he gon be on rest mode but watch him making 100 songs, 200 MVs, 300 albums, 400 photoshoots, 500 dramas, 600 movies, runâ€¦	0.0
"RT @THEMAZEKILLS: friendly reminder that the last word ever said in the maze runner movies franchise is \"newt\" by thomas brodie sangster whâ€¦"	0.0
"RT @mariosep7: Watch \"Estranghero\" Plnoy MovieğŸ“½ï¸ğŸ’¦ Full Movie:ğŸ‘‰ https://t.co/TPhTh46YqK https://t.co/pSfp5GO0et"	1.0
RT @yodelodelehi: I'M SO UPSET THAT @nbc CANCELLED #TIMELESS It's such a classy show with so much more to teach &amp; tell â¤ï¸#Clockblockers staâ€¦	0.0
RT @scoutmagph: Repeat after me: The Philippines is beautiful. https://t.co/PdAMimfz5N	2.0
RT @MarveIFacts: According to the new video Tom Holland posted on his IG, the next movie title of Spider-Man will be: Far From Home https:/â€¦	2.0
New post ([HCM-013] A Divine Development 8 We Just Happened Upon The Moment Your Eyes Get Captivated And If Anything Else Were To Happen Afterward) has been published on PornJavHD Free - PornJavHD Video Premium - https://t.co/sebF3AOnPc	0.0
Few things are as painful as invisible wounds ~ Movie quote from Goodbye Bafana	1.0
RT @MaHiro_ARS2355: ã“ã‚“ãªã«æ„Ÿå‹•ã™ã‚‹åŒ»ç™‚ãƒ‰ãƒ©ãƒåˆã‚ã¦è¦‹ãŸğŸ˜­ğŸ™ŒğŸ‘  #ãƒ–ãƒ©ãƒƒã‚¯ãƒšã‚¢ãƒ³ #çœŸç¿”movie https://t.co/PDoqScFfzN	1.0
@fickleshopper @bangstanized Oh, sorry...was that a weird thing to say? idk what Iâ€™m doing Iâ€™m a mess rn but itâ€™s a good movie anywho!	0.0
Ttep seneng nonton ini. https://t.co/NXdkHn5hTL	1.0
RT @RegalFilms: Thank you Ayala Malls Solenad and for all the ones who supported our Walwal Movie Tour!  #WalWal3DaysToGo https://t.co/pLcXâ€¦	2.0
RT @PathakAKHolic: Sir ji Tag Use nhi kar Rahe ho...  GOLD TRAILER TOMORROW https://t.co/FIIixh13xf	0.0
RT @Kattknights: SPIDER-MAN : FAR FROM HOME is about to be the best spider-man movie to date dont @ me https://t.co/EQvyGi5xc4	2.0
Anyone seen this movie Snatch it was pretty good i'll watch it again https://t.co/QJCQx2R5dD	0.0
RT @craftedstruggle: Activists confront Florida attorney general at Mr. Rogers movie, ask what heâ€™d think of her values https://t.co/231BK5â€¦	1.0
Thanks again and again bro it's a perfect treat for this celebration @OviyaaLovers https://t.co/yD4vsQOxR6	2.0
RT @incorrectikon: *in a horror movie*  Phone: *rings*  junhoe: hello?  Killer: I see you  junhoe:  Killer:  junhoe: do I look good	0.0
Activists confront Florida attorney general at Mr. Rogers movie, ask what he'd think of her values https://t.co/dbiJthJyld via @nuzzel	1.0
RT @nofilmschool: The difference between guns in movies and guns in real life https://t.co/eBHqNkAjIb https://t.co/1MUnnS55Fs	0.0
RT @realsound_m: ã€ãƒ•ã‚©ãƒ­ãƒ¼ï¼†RTã€‘ã‚¦ã‚©ãƒ«ã‚¿ãƒ¼ãƒ»ãƒ’ãƒ«ç›£ç£ä½œã€ã‚¹ãƒˆãƒªãƒ¼ãƒˆãƒ»ã‚ªãƒ–ãƒ»ãƒ•ã‚¡ã‚¤ãƒ¤ãƒ¼ã€å…ˆè¡Œçˆ†éŸ³ä¸Šæ˜ ã«5çµ„10åæ§˜ã‚’ã”æ‹›å¾… #ã‚¹ãƒˆãƒªãƒ¼ãƒˆãƒ»ã‚ªãƒ–ãƒ»ãƒ•ã‚¡ã‚¤ãƒ¤ãƒ¼ #ã‚¦ã‚©ãƒ«ã‚¿ãƒ¼ãƒ»ãƒ’ãƒ«  https://t.co/ZEgapQ1V8Q https://t.co/bQOHâ€¦	1.0
RT @navneet_mundhra: In a 1992 interview, Salman Khan is talking about his then-upcoming movie 'Andaz Apna Apna'. He asserted that it wouldâ€¦	1.0
RT @amandafennelly: After the original, #Creed is my next favourite #Rocky movie. Itâ€™s even better than I remembered. @TheSlyStallone is suâ€¦	0.0
Tv3 https://t.co/m8d2jLQexP	1.0
@nabilashrn_ Movie apa ni cila	0.0
RT @malibooyouwhore: sg2 concept â€” visual album with 7 videos each song &amp; video represents a different sin. video concepts inspired by theâ€¦	1.0
Leaving Dublin on a jet plane. Watched a movie starring @realmonaghan :)	0.0
ã•ãã¨é—‡ç—…é™¢è„±å‡º URLå‹•ã‹ãªã„å ±å‘Šã‚ã£ãŸã®ã§ã‚ã’ç›´ã— https://t.co/HYY1qVB88Q	1.0
RT @john_f_leonard: Forget Dinosaur Soldiers, Here are 10 Movie Monsters the Military Should Use for Military Operations https://t.co/elNbhâ€¦	1.0
Tom Holland Just Revealed Title for Next 'Spider-Man' Movie - TheWrap https://t.co/uJV2X3lPZZ	1.0
RT @riapenuela: 500 retweet and 2k fave ... uhmm movie date or food trip. My treat :) â€” Until june 27 only 10:30am. Goodluck :) https://t.câ€¦	0.0
RT @prasanthromech: #Superstar #Rajinikanth acting as a College Professor in #Rajini165 Movie. Importance of College life is the theme of tâ€¦	1.0
RT @RegalFilms: Walwal Girls at the last Walwal Movie Tour at Ayala Malls Solenad! #WalWal3DaysToGo https://t.co/KHiKp44nJB	0.0
RT @skairipaqueen: sebastian stan says his favorite captain america movie was â€œthe winter soldierâ€ because it was â€œcryptic, strange, and aâ€¦	1.0
Free gay porn movies and videos Sucking On A Big One With Upgrade  https://t.co/RCiqwGunKm   gaybik gaysex creep chad hunt gayporn gay amateur dogging videos mallu gay blowjob gay sex nightdressing gay black expose mobile porn	2.0
RT @ibeingdevil__: @taran_adarsh This might be the first time that a movie is being promoted on the name of Director &amp; not the actor.  Newâ€¦	0.0
RT @hemsolo: sebastian stan right now has a contract to film nine marvel movies. he has 5 more after infinity war. heâ€™s going to finish outâ€¦	0.0
RT @cameronfurda: Anybody tryna go to the movies tonight I gotta see Incredibles 2 or Jurassic World	1.0
RT @Aadityakapoor12: No. of people interested to watch #Sanju on BMS  - 117K â—ï¸ Highest for any Hindi film in last 2 yrs.   Go to link beloâ€¦	0.0
RT @aikonzert: Thank you SM Dasma and Ayala Malls Solenad!  ğŸ¤˜ #WalwalMovie last movie tour done ğŸ˜¥ https://t.co/xhbr6AKzUN	2.0
@ShigRieeeeel anong movie sig?? AHAHHAHA	0.0
DMMã€å‹•ç”» ã‚¢ãƒ‹ãƒ¡ æ–°ç€ã€‘JuiCyå¦¹â˜†å¤‰æ…‹ãƒ‘ã‚³ã‚Šã£ãã™ï½ç›®æŒ‡ã›ï¼ ãƒ¢ãƒ†ã‚«ãƒ¯Hãªã‚ªãƒ³ãƒŠãƒã‚³â™ªï½ PLAY MOVIE, https://t.co/z4nGJbVB2T	0.0
@Kishore14861256 Watching the movie felt like that for many	0.0
@VedaClark13 donâ€™t read fic, fav movie is spiderman: homecoming/any mcu movie, favourite show is stranger things or riverdale	1.0
ã€å‹•ç”»ã€‘ä½ã€…æœ¨è”µä¹‹ä»‹ã€ç‰æœ¨å®ã®çµå©šã‚’ç¥ç¦ã€€ã‚µãƒ³ã‚¹ã‚¿ãƒ¼ã€ŒGãƒ»Uãƒ»Mã€æ–°ã‚¦ã‚§ãƒ–ãƒ ãƒ¼ãƒ“ãƒ¼ç™ºè¡¨ä¼š3 https://t.co/52HD1cWcGt @mantanwebã‚ˆã‚Š	0.0
RT @CzarIito: This looks like a scene from a disaster movie where they call Thug over and say â€œyou might wanna take a look at thisâ€ and theâ€¦	0.0
RT @aikonzert: Thank you SM Dasma and Ayala Malls Solenad!  ğŸ¤˜ #WalwalMovie last movie tour done ğŸ˜¥ https://t.co/xhbr6AKzUN	2.0
GOLD TRAILER TOMORROW  watch this 3 min video explaining about how movies business flow from producers to theater owners. How producer profit/loss &amp; distributor profit/loss is clculated.  like/comment/subscribe if you like the video  https://t.co/RFyKGv8FSF	0.0
Acrimony https://t.co/bnqyCfb7mR	1.0
RT @AIIAmericanGirI: Leftist protesters DRIVE OUT Pam Bondi from Mr. Rogers movie screening!! [Video] https://t.co/FY9N51p5es @trscoop #AAG	0.0
RT @ztaor: tao say he gon be on rest mode but watch him making 100 songs, 200 MVs, 300 albums, 400 photoshoots, 500 dramas, 600 movies, runâ€¦	0.0
RT @RegalFilms: Walwal Girls at the last Walwal Movie Tour at Ayala Malls Solenad! #WalWal3DaysToGo https://t.co/KHiKp44nJB	0.0
RT @intheMatrixxx: White S[Q]uall #Anonymous #WWG1WGA #CBTS #CalmBeforeTheStorm #WhereWeGoOneWeGoAll All mentioned in this 1996 Movie! #QAnâ€¦	0.0
RT @TheSinnerUSA: A performance you won't forget. Consider @JessicaBiel for Outstanding Lead Actress in a Limited Series or Movie. #TheSinnâ€¦	1.0
RT @ThePatriot293: #SeeYouInNovember #SundayMorning  https://t.co/GMa0ex5ZQ4	1.0
Our top 10 slasher movies #horror  https://t.co/707OBqUVKf https://t.co/AmfIO7XD2v	1.0
RT @ThalaAjith_FC: Dear @directorsiva &amp; #Viswasam Team   We are Madly Waiting for the VISWASAM Movie Updates  Expecting a very quick responâ€¦	0.0
RT @sakurabooty: JDNDKSK HELP HE LOOKS SO DIFFERENT BETWEEN THE TWO MOVIES https://t.co/ggmAZv2gcc	0.0
RT @ChiggityChives: The Devil works hard, but Tom Holland works harder. https://t.co/otv594l9bT	1.0
HEADS UP: Fellow gay peeps especially... Wonderful Great gay movie that we streamed last night on https://t.co/TiClUExcJb......Vanessa Redgrave is at her best.....and lots of eye candy too DON'T MISS IT!!!	2.0
@bobmca1 Fair play to these two though.  If there was a new X-Men movie in production - I'd want them in it.	1.0
RT @Ishanaje: Sana  maka movie ulit sina devon,kisses,donny at kiko.. #WALWAL3DaysToGo	0.0
ã€Movieã€‘ã€ŒAYAKA NATION 2018 in æ¨ªæµœã‚¢ãƒªãƒ¼ãƒŠã€ã‚°ã‚¢ãƒ ãƒ­ã‚±ã‚’ãƒãƒ©è¦‹ã›â™ª https://t.co/0vBaUaMZwF	1.0
