RT @MCU_Tweets: Here's the logo for the movie, as shown by @TomHolland1996 on his newest Instagram post: https://t.co/Z40NHpeta5	0.0
RT @ztaor: tao say he gon be on rest mode but watch him making 100 songs, 200 MVs, 300 albums, 400 photoshoots, 500 dramas, 600 movies, runâ€¦	0.0
"RT @THEMAZEKILLS: friendly reminder that the last word ever said in the maze runner movies franchise is \"newt\" by thomas brodie sangster whâ€¦"	0.0
"RT @mariosep7: Watch \"Estranghero\" Plnoy MovieğŸ“½ï¸ğŸ’¦ Full Movie:ğŸ‘‰ https://t.co/TPhTh46YqK https://t.co/pSfp5GO0et"	1.0
RT @yodelodelehi: I'M SO UPSET THAT @nbc CANCELLED #TIMELESS It's such a classy show with so much more to teach &amp; tell â¤ï¸#Clockblockers staâ€¦	0.0
RT @scoutmagph: Repeat after me: The Philippines is beautiful. https://t.co/PdAMimfz5N	2.0
RT @MarveIFacts: According to the new video Tom Holland posted on his IG, the next movie title of Spider-Man will be: Far From Home https:/â€¦	2.0
New post ([HCM-013] A Divine Development 8 We Just Happened Upon The Moment Your Eyes Get Captivated And If Anything Else Were To Happen Afterward) has been published on PornJavHD Free - PornJavHD Video Premium - https://t.co/sebF3AOnPc	0.0
Few things are as painful as invisible wounds ~ Movie quote from Goodbye Bafana	1.0
RT @MaHiro_ARS2355: ã“ã‚“ãªã«æ„Ÿå‹•ã™ã‚‹åŒ»ç™‚ãƒ‰ãƒ©ãƒåˆã‚ã¦è¦‹ãŸğŸ˜­ğŸ™ŒğŸ‘  #ãƒ–ãƒ©ãƒƒã‚¯ãƒšã‚¢ãƒ³ #çœŸç¿”movie https://t.co/PDoqScFfzN	1.0
@fickleshopper @bangstanized Oh, sorry...was that a weird thing to say? idk what Iâ€™m doing Iâ€™m a mess rn but itâ€™s a good movie anywho!	0.0
Ttep seneng nonton ini. https://t.co/NXdkHn5hTL	1.0
RT @RegalFilms: Thank you Ayala Malls Solenad and for all the ones who supported our Walwal Movie Tour!  #WalWal3DaysToGo https://t.co/pLcXâ€¦	2.0
RT @PathakAKHolic: Sir ji Tag Use nhi kar Rahe ho...  GOLD TRAILER TOMORROW https://t.co/FIIixh13xf	0.0
RT @Kattknights: SPIDER-MAN : FAR FROM HOME is about to be the best spider-man movie to date dont @ me https://t.co/EQvyGi5xc4	2.0
Anyone seen this movie Snatch it was pretty good i'll watch it again https://t.co/QJCQx2R5dD	0.0
RT @craftedstruggle: Activists confront Florida attorney general at Mr. Rogers movie, ask what heâ€™d think of her values https://t.co/231BK5â€¦	1.0
Thanks again and again bro it's a perfect treat for this celebration @OviyaaLovers https://t.co/yD4vsQOxR6	2.0
RT @incorrectikon: *in a horror movie*  Phone: *rings*  junhoe: hello?  Killer: I see you  junhoe:  Killer:  junhoe: do I look good	0.0
Activists confront Florida attorney general at Mr. Rogers movie, ask what he'd think of her values https://t.co/dbiJthJyld via @nuzzel	1.0
RT @nofilmschool: The difference between guns in movies and guns in real life https://t.co/eBHqNkAjIb https://t.co/1MUnnS55Fs	0.0
RT @realsound_m: ã€ãƒ•ã‚©ãƒ­ãƒ¼ï¼†RTã€‘ã‚¦ã‚©ãƒ«ã‚¿ãƒ¼ãƒ»ãƒ’ãƒ«ç›£ç£ä½œã€ã‚¹ãƒˆãƒªãƒ¼ãƒˆãƒ»ã‚ªãƒ–ãƒ»ãƒ•ã‚¡ã‚¤ãƒ¤ãƒ¼ã€å…ˆè¡Œçˆ†éŸ³ä¸Šæ˜ ã«5çµ„10åæ§˜ã‚’ã”æ‹›å¾… #ã‚¹ãƒˆãƒªãƒ¼ãƒˆãƒ»ã‚ªãƒ–ãƒ»ãƒ•ã‚¡ã‚¤ãƒ¤ãƒ¼ #ã‚¦ã‚©ãƒ«ã‚¿ãƒ¼ãƒ»ãƒ’ãƒ«  https://t.co/ZEgapQ1V8Q https://t.co/bQOHâ€¦	1.0
RT @navneet_mundhra: In a 1992 interview, Salman Khan is talking about his then-upcoming movie 'Andaz Apna Apna'. He asserted that it wouldâ€¦	1.0
RT @amandafennelly: After the original, #Creed is my next favourite #Rocky movie. Itâ€™s even better than I remembered. @TheSlyStallone is suâ€¦	0.0
Tv3 https://t.co/m8d2jLQexP	1.0
@nabilashrn_ Movie apa ni cila	0.0
RT @malibooyouwhore: sg2 concept â€” visual album with 7 videos each song &amp; video represents a different sin. video concepts inspired by theâ€¦	1.0
Leaving Dublin on a jet plane. Watched a movie starring @realmonaghan :)	0.0
ã•ãã¨é—‡ç—…é™¢è„±å‡º URLå‹•ã‹ãªã„å ±å‘Šã‚ã£ãŸã®ã§ã‚ã’ç›´ã— https://t.co/HYY1qVB88Q	1.0
RT @john_f_leonard: Forget Dinosaur Soldiers, Here are 10 Movie Monsters the Military Should Use for Military Operations https://t.co/elNbhâ€¦	1.0
Tom Holland Just Revealed Title for Next 'Spider-Man' Movie - TheWrap https://t.co/uJV2X3lPZZ	1.0
RT @riapenuela: 500 retweet and 2k fave ... uhmm movie date or food trip. My treat :) â€” Until june 27 only 10:30am. Goodluck :) https://t.câ€¦	0.0
RT @prasanthromech: #Superstar #Rajinikanth acting as a College Professor in #Rajini165 Movie. Importance of College life is the theme of tâ€¦	1.0
RT @RegalFilms: Walwal Girls at the last Walwal Movie Tour at Ayala Malls Solenad! #WalWal3DaysToGo https://t.co/KHiKp44nJB	0.0
RT @skairipaqueen: sebastian stan says his favorite captain america movie was â€œthe winter soldierâ€ because it was â€œcryptic, strange, and aâ€¦	1.0
Free gay porn movies and videos Sucking On A Big One With Upgrade  https://t.co/RCiqwGunKm   gaybik gaysex creep chad hunt gayporn gay amateur dogging videos mallu gay blowjob gay sex nightdressing gay black expose mobile porn	2.0
RT @ibeingdevil__: @taran_adarsh This might be the first time that a movie is being promoted on the name of Director &amp; not the actor.  Newâ€¦	0.0
RT @hemsolo: sebastian stan right now has a contract to film nine marvel movies. he has 5 more after infinity war. heâ€™s going to finish outâ€¦	0.0
RT @cameronfurda: Anybody tryna go to the movies tonight I gotta see Incredibles 2 or Jurassic World	1.0
RT @Aadityakapoor12: No. of people interested to watch #Sanju on BMS  - 117K â—ï¸ Highest for any Hindi film in last 2 yrs.   Go to link beloâ€¦	0.0
RT @aikonzert: Thank you SM Dasma and Ayala Malls Solenad!  ğŸ¤˜ #WalwalMovie last movie tour done ğŸ˜¥ https://t.co/xhbr6AKzUN	2.0
@ShigRieeeeel anong movie sig?? AHAHHAHA	0.0
DMMã€å‹•ç”» ã‚¢ãƒ‹ãƒ¡ æ–°ç€ã€‘JuiCyå¦¹â˜†å¤‰æ…‹ãƒ‘ã‚³ã‚Šã£ãã™ï½ç›®æŒ‡ã›ï¼ ãƒ¢ãƒ†ã‚«ãƒ¯Hãªã‚ªãƒ³ãƒŠãƒã‚³â™ªï½ PLAY MOVIE, https://t.co/z4nGJbVB2T	0.0
@Kishore14861256 Watching the movie felt like that for many	0.0
@VedaClark13 donâ€™t read fic, fav movie is spiderman: homecoming/any mcu movie, favourite show is stranger things or riverdale	1.0
ã€å‹•ç”»ã€‘ä½ã€…æœ¨è”µä¹‹ä»‹ã€ç‰æœ¨å®ã®çµå©šã‚’ç¥ç¦ã€€ã‚µãƒ³ã‚¹ã‚¿ãƒ¼ã€ŒGãƒ»Uãƒ»Mã€æ–°ã‚¦ã‚§ãƒ–ãƒ ãƒ¼ãƒ“ãƒ¼ç™ºè¡¨ä¼š3 https://t.co/52HD1cWcGt @mantanwebã‚ˆã‚Š	0.0
RT @CzarIito: This looks like a scene from a disaster movie where they call Thug over and say â€œyou might wanna take a look at thisâ€ and theâ€¦	0.0
RT @aikonzert: Thank you SM Dasma and Ayala Malls Solenad!  ğŸ¤˜ #WalwalMovie last movie tour done ğŸ˜¥ https://t.co/xhbr6AKzUN	2.0
GOLD TRAILER TOMORROW  watch this 3 min video explaining about how movies business flow from producers to theater owners. How producer profit/loss &amp; distributor profit/loss is clculated.  like/comment/subscribe if you like the video  https://t.co/RFyKGv8FSF	0.0
Acrimony https://t.co/bnqyCfb7mR	1.0
RT @AIIAmericanGirI: Leftist protesters DRIVE OUT Pam Bondi from Mr. Rogers movie screening!! [Video] https://t.co/FY9N51p5es @trscoop #AAG	0.0
RT @ztaor: tao say he gon be on rest mode but watch him making 100 songs, 200 MVs, 300 albums, 400 photoshoots, 500 dramas, 600 movies, runâ€¦	0.0
RT @RegalFilms: Walwal Girls at the last Walwal Movie Tour at Ayala Malls Solenad! #WalWal3DaysToGo https://t.co/KHiKp44nJB	0.0
RT @intheMatrixxx: White S[Q]uall #Anonymous #WWG1WGA #CBTS #CalmBeforeTheStorm #WhereWeGoOneWeGoAll All mentioned in this 1996 Movie! #QAnâ€¦	0.0
RT @TheSinnerUSA: A performance you won't forget. Consider @JessicaBiel for Outstanding Lead Actress in a Limited Series or Movie. #TheSinnâ€¦	1.0
RT @ThePatriot293: #SeeYouInNovember #SundayMorning  https://t.co/GMa0ex5ZQ4	1.0
Our top 10 slasher movies #horror  https://t.co/707OBqUVKf https://t.co/AmfIO7XD2v	1.0
RT @ThalaAjith_FC: Dear @directorsiva &amp; #Viswasam Team   We are Madly Waiting for the VISWASAM Movie Updates  Expecting a very quick responâ€¦	0.0
RT @sakurabooty: JDNDKSK HELP HE LOOKS SO DIFFERENT BETWEEN THE TWO MOVIES https://t.co/ggmAZv2gcc	0.0
RT @ChiggityChives: The Devil works hard, but Tom Holland works harder. https://t.co/otv594l9bT	1.0
HEADS UP: Fellow gay peeps especially... Wonderful Great gay movie that we streamed last night on https://t.co/TiClUExcJb......Vanessa Redgrave is at her best.....and lots of eye candy too DON'T MISS IT!!!	2.0
@bobmca1 Fair play to these two though.  If there was a new X-Men movie in production - I'd want them in it.	1.0
RT @Ishanaje: Sana  maka movie ulit sina devon,kisses,donny at kiko.. #WALWAL3DaysToGo	0.0
ã€Movieã€‘ã€ŒAYAKA NATION 2018 in æ¨ªæµœã‚¢ãƒªãƒ¼ãƒŠã€ã‚°ã‚¢ãƒ ãƒ­ã‚±ã‚’ãƒãƒ©è¦‹ã›â™ª https://t.co/0vBaUaMZwF	1.0
RT @bafabafarin2: ä¹…ã€…ã®BODY BATTLEã¯é•·ã„æ²ˆé»™ã‚’ç ´ã‚‹ã‹ã®å¦‚ãè¡Œã‚ã‚ŒãŸç­‹è‚‰vsç­‹è‚‰ãƒ‡ã‚¹ãƒãƒƒãƒ!!  è¦‹ã‚‹è€…ã‚’åœ§å€’ã•ã›ã‚‹ãã®éš†èµ·ã—ãŸç­‹è‚‰ã«é…”ã„ã—ã‚Œã‚‹ã‚‚è‰¯ã—!!ä»Šå­£æœ€é«˜ã®ç”·é”ã‚’è¦‹é€ƒã™ãª!! â†’https://t.co/VXZ5edGoxQ https://â€¦	1.0
BBW AnneMarie Solo  https://t.co/z89kp9j8vw   free teen wit dildo in ass Bbvbigtits jounporn solo film gratis xhamster movies bbw sofia rose recent movies	1.0
RT @PhilaUnion: Warmup photo or movie poster? ğŸ¤”  Either way, it's almost time to #DOOP. https://t.co/yuHYz4GuIp	1.0
RT @TheFrankOzJam: And those came from Jim's imagination and genius https://t.co/3ATJoGTvg5	1.0
IW then Titanic, Force Awakens then Avatar https://t.co/lED30uBPQ8	1.0
RT @m_isschief: Can you do something for me, please? RT, comment, or quote this with your favorite Loki moment or line from any Marvel moviâ€¦	1.0
"RT @WalkingFannibal: Marvel is so intelligent like using Tom Holland as the permanent \"spoiler-boy\" with him \"leaking\" posters and titles tâ€¦"	0.0
RT @OWKreal: https://t.co/UNgiN0nZgi - update for #OWK website: 5 pics @MissCourtneyM at @OWK_CASTLE * 99602 pics, 3180 clips &amp; movies andâ€¦	0.0
@isoolovevicegee Ay okay po. Salamat, ateeee. Wala po akong alam sa kemberlu ng mga movies HAHHAHA ğŸ˜‚	1.0
RT @st_joys0721: Isipin natin magiging hit ang WalWal movie. Positive thinking positive vibes, positive outcome. Bawal mag nega gat nde nagâ€¦	1.0
å°èª¬ç‰ˆã€OVER DRIVEã€ movie &amp; nobel special editionã‚’èª­ã¿ã¾ã—ãŸã€‚  è©¦ã—èª­ã¿ã§å½“é¸ç¢ºç‡2å€ï¼ ã€Œ#æ±å‡ºæ˜Œå¤§ ã•ã‚“ã€#æ–°ç”°çœŸå‰£ä½‘ ã•ã‚“ã€#æ£®å·è‘µ ã•ã‚“ï¼ˆäºˆå®šï¼‰ã®ã‚µã‚¤ãƒ³å…¥ã‚Šãƒ—ãƒ¬ã‚¹ã‚·ãƒ¼ãƒˆ(éå£²å“)ã€ã‚’ï¼•åæ§˜ã«ãƒ—ãƒ¬ã‚¼ãƒ³ãƒˆï¼  https://t.co/7SuifvstC0 #TRCS #overdrive #é§†ã‘ã‚	0.0
RT @marcolme: tony.labrusca doing his own stunt for #doubletwistingdoubleback. #c1originalsfilmfestival2018 #movie #film #actor #cinema #arâ€¦	0.0
RT @signofmedicinex: Next month we will be celebrating:  1 year of Dunkirk movie. 1 year of back to you. 8 years of one direction.  that'sâ€¦	0.0
hindi pwedeng hindi ako manonood ng bagong movie ng kathniel. hMp	0.0
RT @StarMaa: . @actorvijay @Samanthaprabhu2 @MsKajalAggarwal #NithyaMenon Superhit Movie #Adhirindi World Television Premiere...Today at 6â€¦	1.0
RT @ibeingdevil__: @taran_adarsh This might be the first time that a movie is being promoted on the name of Director &amp; not the actor.  Newâ€¦	0.0
RT @RealCandaceO: If you were outraged over Roseanne tweeting that Valerie Jarrett looks like a monkey, but are okay with the fact that @Soâ€¦	0.0
RT @BTSARMY_Salon: I came across to the movie called 'Alya' and heard it's based on a true story of a war orphan &amp; Turkish soldier in Koreaâ€¦	0.0
Wow, who cares, @Sethrogen movies all about dope. His movies suk... https://t.co/vHX56uVuqH	0.0
This movie ğŸ’“ğŸ˜­ https://t.co/XBCXcLccji	1.0
RT @rachel_china: For sure Kiko will miss this baby girl! Whatta ball of sunshine! Heâ€™s taking a vid first to K then she saw it and Kik sudâ€¦	1.0
Movie Business Takes a Page From Netflix With Subscription Plans  https://t.co/FhI7HKdV0m	0.0
itâ€™s raining so much today and all i can think about is laying on the couch with yoongs, drinking hot chocolate and watching movies while the rain pours in the background &gt;:(	0.0
@smc429 @krassenstein @delegancepearls Stripping and doggie sex Porn movies.	0.0
RT @WhyLarryIsReal: Louis: *loud sigh*  Harry: Babe, whatâ€™s wrong?  Louis: You havenâ€™t looked at me for 10 minutes.  Harry: Weâ€™re watchingâ€¦	0.0
RT @tomkeenebooks: goal: to read a book about the american revolution that strips away all the garbage we learned in grade school. https://â€¦	0.0
RT @AyasZA: Enjoying #TheNextThreeDays movie on @MNet	0.0
RT @AcneSkinSite: Stress Free = AcneFree  Manage Stress   Yoga Prayer Exercise Play Golf Stretching Meditation Do Puzzles Eat healthy Slowâ€¦	0.0
RT @gothsloki: fuck my ratio i want new mutuals gain tweet! so rt if you stan  - the whole mcu - tom hiddleston - loki - tom oohwooh hiddleâ€¦	0.0
RT @ManaByte: I want a movie with Spider-Man, Falcon, and Bucky. Like Three Amigos in the MCU.	0.0
RT @sakurabooty: JDNDKSK HELP HE LOOKS SO DIFFERENT BETWEEN THE TWO MOVIES https://t.co/ggmAZv2gcc	0.0
Video: Left-Wing Activists Harass Florida AG Pam Bondi at Movie Theater | Breitbart https://t.co/nMYfMyAVyG via @BreitbartNews	1.0
"RT @ThatUmbrella: So click into this and give it a look.  I liked the style with a samurai tale; I'm a huge consumer of samurai and \"swordmâ€¦"	0.0
Sunday morning movie â€” Jurassic World 2: The Wrath of Star-Lord!!! https://t.co/ms8U7wpEH7	1.0
RT @loveqmaichard: @gmanetwork wrote &amp; performed,  2017  PMPC Star Awards - Movie Original Theme Song of the Year - Imagine You &amp; Me......#â€¦	1.0
Batendo uma no banheiro do trabalho  https://t.co/VAVtmJqZB2   masturbation in class movie videos porno crossdresser hetero	1.0
@Thyview @arrahman @Atlee_dir Bajana Cheyi Mana Movies ki Vallu Asala Dhekaru Nuv matram Thega Naakuthav	0.0
https://t.co/zXOUS2Alnb	1.0
RT @CarolineMHart: @JurassicWorld It was FANTASTIC from start to finish, I absolutely loved it &amp; highly recommend seeing it! My favorite moâ€¦	2.0
RT @mightytazwar: Advanced tickets of Ranbir Kapoor's movie sold at BMS&lt;3  ^^ Ye line #Sanju ke baad ek saal tak bol nehi paoge ğŸ˜– So show aâ€¦	0.0
RT @RWilkes94: can you believe there's a Disney movie that literally opens on a racial minority in a jester costume, basically publicly accâ€¦	1.0
I don't know, but in the movie Roseanne Barr is probably their tour manager. ğŸ˜‚ https://t.co/mwG61jEOGm	0.0
RT @MaHiro_ARS2355: æ¸¡æµ·å…ˆç”ŸãŒæ³£ã„ãŸ( ï¼›âˆ€ï¼›)( ï¼›âˆ€ï¼›)( ï¼›âˆ€ï¼›)  #ãƒ–ãƒ©ãƒƒã‚¯ãƒšã‚¢ãƒ³ #çœŸç¿”movie https://t.co/hv8A7VmKpj	1.0
RT @shishamo_or: â–·â–·movie/å·¥è—¤å¤«å¦»  ã€Œã€æ„›ã—ã¦ã‚‹ã€ã®è¨€è‘‰ã˜ã‚ƒ è¶³ã‚Šãªã„ãã‚‰ã„ã«å›ãŒå¥½ãã€‚ã€  æœ‰å¸Œå­&gt;ã‚ã‚‹ã¡ã‚ƒã‚“(@Himmel_pon ) https://t.co/cN0p77gBiB	1.0
Somewhere @BarackObama is sitting back LAUGHING HIS ASS OFF at the MAYHEM and HATE in America that HE CREATED along with @TheDemocrats &amp; RINO @GOP And, SOMEBODY TELL THIS CLOWN HE'S NOT THE PRESIDENT ANYMORE!! He doesn't seem to get it!! HE SHOULD BE IN JAIL! https://t.co/nH7UeomRFq	0.0
RT @_CUTE_NEHA: Tumhare liye duniyabhar mi fan honge par mere tarah ho to batao aapke ek bhi movie miss nahi ki bhai jaan ğŸ˜ @BeingSalmanKhaâ€¦	0.0
@Dr_Giallo Interesting slasher premise and good sets to make a suspenseful situation where several tennagers coming around a big castle mistery, but there are slowly and irregular, some scenes are good resolving, some others are lame..i like linda blair but this movie are regular	0.0
AWFUL. Florida GOP Attorney General Pam Bondi Needs Police Escort to Protect Her from SCREAMING HECKLERS at Movie Theater (Video) https://t.co/RT5EPICZ9R	0.0
RT @RegalFilms: Thank you Ayala Malls Solenad and for all the ones who supported our Walwal Movie Tour!  #WalWal3DaysToGo https://t.co/pLcXâ€¦	2.0
RT @kyprtonian: Black panther had more of an impact on little black boys and girls and it's good rep for black folks. How many movies Y'allâ€¦	2.0
RT @IABHI_HR: Even @juniorbachchan had 2-3 record openings in 10 years of his career but Ranbir failed every time even after getting chartbâ€¦	0.0
RT @TFLN_Hotshot: sungwoon: what's a good horror movie? something not western  taehyun: The Reflection  sungwoon: really? where can i findâ€¦	0.0
RT @Jasonbr52158545: SETH ROGEN CAN BE ADDED TO THE LIST OF COMPLETE SHIT HEADS@HE CAN BE ADDED TO THE DT PAY TO SEE HIS MOVIE.#ğŸ˜·ğŸ˜¡	0.0
I'm so ready for this! ğŸ˜±ğŸ˜ğŸ’– https://t.co/GLkqvmspFi	0.0
RT @ManobalaV: The Tamil Nadu theatrical rights of #Thalapathy #Vijay's upcoming movie #Sarkar has been acquired by Industry Hit #Mersal prâ€¦	1.0
RT @empyreall: yall only nasty on twitter. half of you niggas will sit through a subpar netflix movie for damn near two hours just cuddlingâ€¦	0.0
RT @Singing_HaZe: [RT = â¤]  ë“€ì—£ê³¡ ì§„í–‰ì„ ë„ì™€ì£¼ì‹¤ ì˜ìƒë¶„ì„ ëª¨ì‹­ë‹ˆë‹¤ !  &lt;ê·¸ëŸ¬ë¯€ë¡œ you&amp;me&gt; ë¼ëŠ” ë“€ì—£ê³¡ ì…ë‹ˆë‹¤ ! ë§ˆê° ê¸°ê°„ì€ ë„‰ë„‰í•˜ê²Œ ì¡ê³  ì§„í–‰í•˜ë‹ˆ ë¶€ë‹´ì—†ì´ ì €ë‚˜ í•œë¹›ë‹˜ì—ê²Œ ë¬¸ì˜ í•´ì£¼ì„¸ìš”!ğŸ™ğŸ»  Vocal . í•œë¹›,â€¦	0.0
@lovely_MWH17 sama movie kok, yang di pic 1 the incredibles 2004, yang pic 2 the incredible 2018	1.0
RT @1Directioners_E: POWER VOTE #4!!!!!!  â€¢150 RETWEETS = 150 VOTES  â€¢150 REPLIES = 150 VOTES â€¢DON'T ADD EMJOIS! â€¢REPLIES CAN BE REPETITIVEâ€¦	0.0
RT @RegalFilms: Walwal Girls at the last Walwal Movie Tour at Ayala Malls Solenad! #WalWal3DaysToGo https://t.co/KHiKp44nJB	0.0
RT @summerbrennan: Honestly The Shining was the most realistic movie about writing	0.0
@jct_sensation @AhmadChildress @JoshPGreenberg @io9 @FilmClickbait This is clickbait, itâ€™s making you want to CLICK on the article to find out the name, when it could just put the movie name in the title! This is the same thing as a YouTube video called â€œYou wonâ€™t believe this!â€	0.0
RT @empyreall: yall only nasty on twitter. half of you niggas will sit through a subpar netflix movie for damn near two hours just cuddlingâ€¦	0.0
@AlexisAndrewsX god I canâ€™t wait til you make more movies. Best ass in the business.	2.0
I watched Dark Tower last night with Idris Elba and he deserved his title in the movie, The Gunslinger ğŸ”¥	0.0
ãƒ‡ã‚£ã‚ºãƒ‹ãƒ¼â¤ï¸ #ãƒ‡ã‚£ã‚ºãƒ‹ãƒ¼#ãƒ‡ã‚£ã‚ºãƒ‹ãƒ¼ãƒ©ãƒ³ãƒ‰#disney #disneyland #101åŒ¹ã‚ã‚“ã¡ã‚ƒã‚“ #æ±äº¬ãƒ‡ã‚£ã‚ºãƒ‹ãƒ¼ãƒªã‚¾ãƒ¼ãƒˆ35å‘¨å¹´ #ãŸã®ã—ã™ããŸ#love#æ„›ã—ã¦ã‚‹#æœ€é«˜#å¹¸ã›#happy#å‹•ç”»#music #ãƒ ãƒ¼ãƒ“ãƒ¼#movie #ã‚ªãƒ¼ãƒã‚¤ã‚¬ãƒ¼ãƒ«#ohmygirl #aing https://t.co/mUzO0DXecw	1.0
"RT @OlisaOsega: \"Baby, I'm at Anita's place, we're about heading to the movies\" https://t.co/y2vnvPK1lJ"	0.0
