RT @Ra_Bies: Karan Johar: Hero ko Rolls Royce do Director: Sir movie me hero gareeb hai KJo: BC gareeb. Theek hai usse Mercedes S Class deâ€¦	0.0
@ubeempress @LauraMStump You canâ€™t â€œmournâ€ something we were never getting. The movie was always going to be Civil War.	0.0
RT @ignorancestoned: Anyways fellas don't waste your time tipping these stripper hoes who's livelihoods depend on you throwing your money aâ€¦	0.0
RT @PathakAKHolic: Sir ji Tag Use nhi kar Rahe ho...  GOLD TRAILER TOMORROW https://t.co/FIIixh13xf	0.0
RT @captsoldier: best mcu movies ranked  15. you 14. can't 13. rank 12. them 11. because 10. those 9. all 8. are 7. diverse 6. and  5. allâ€¦	0.0
Trueeee ğŸ’¯â¤ https://t.co/ynGSBcmrs1	1.0
RT @hemsolo: sebastian stan right now has a contract to film nine marvel movies. he has 5 more after infinity war. heâ€™s going to finish outâ€¦	0.0
RT @nochillinmzasi: RT if you know this movie but still single https://t.co/YtgET43esW	0.0
I'm watching Stand by Me (1986) https://t.co/79a7FnbwOi #trakt	1.0
Real Slut Party Hardcore Sex - wwwTeenXXXPartycom 13  https://t.co/4kdRYIYZJ6   free cathy barry porn for iphone sonam hardcore videos widow moms fuck tube8 video indian youngstor fucking movies brazilcarnivalgroupsex Little teens veoxxx redtubep	1.0
RT @serenadyo: DJ: Thereâ€™re some people in EXO whoâ€™re already known for their acting skills. Director: When I always put a 20â€™s character iâ€¦	0.0
"@sahluwal \"Kissin' Cousins\" is no longer just an Elvis Presley movie. #PermitPatty  #BBQBecky"	0.0
RT @axlpexxy: #videos #movies #theatre #video #photography #instapic #movie #film #films #actor #actress #cinema #dvd #amc #instamovies #stâ€¦	0.0
At times like this, I feel like the movie â€˜Heâ€™s Just Not That Into Youâ€™ was custom made just for me. â˜ºï¸	0.0
RT @zachbraff: A teenager asked me for some good movies a teenager should see. Hereâ€™s my list: https://t.co/ZChYLkhTYJ	0.0
RT So apparently thereâ€™s this page on Netflix to request movie titles or series youâ€™d like to see on the App ğŸ˜ŒğŸ’• https://t.co/CFBt8ydB4h	0.0
RT @spideystights: smh at the ppl saying he only won bc heâ€™s black. maybe itâ€™s because millions of people were able to relate to his characâ€¦	0.0
I slept through the whole fucking movie last night and then woke up to @mosuunn trying to kill us ğŸ¤¦ğŸ¾â€â™‚ï¸	0.0
RT @771h5: To free mankind quarantine the ultimate invasive code.. https://t.co/szvnmDDw4w #ICO #Crypto #Movie #Gamer #Blockchain #Bitcoinâ€¦	1.0
@SkyeMovies @Mark0Connell @Film89UK Gave me some flashbacks of the wonderment of going to my 1st indoor theatre (prior it was all drive in movies), &amp; being obsessed with VHS rentals when that finally broke. I too was from a family of divorce at 5 so your conversation was very relatable. ğŸ‘ğŸ½	0.0
RT @FutbolMane: It is crazy when you think about it how out of anyone in the Swiss team, these 2 scored to knock Serbia out of the World Cuâ€¦	0.0
Nak tgk movie tp ngantuk taleh discuss..	0.0
RT @dameronorgana: me loving sirius black vs me remembering that gary oldman really played him in the movies https://t.co/N0wQCEJLlG	2.0
MAMI announces that film festivals are still relevant in the Netflix era https://t.co/Vpu6sX1MBT	0.0
Watch Thousand Yard Stare Full Movie 2018 free online English Openload https://t.co/Klcw4jDeZf	0.0
RT @callmeuchee: Iâ€™ll never understand how Afrobeat music videos look like this but Nollywood movies looks like the budget was 6 kubo and aâ€¦	0.0
RT @MaHiro_ARS2355: ãƒ–ãƒ©ãƒƒã‚¯ãƒšã‚¢ãƒ³ æ¸¡æµ·å…ˆç”Ÿã®æœ€å¾Œã®æ‰‹è¡“ã‚·ãƒ¼ãƒ³  #ãƒ–ãƒ©ãƒƒã‚¯ãƒšã‚¢ãƒ³ #çœŸç¿”movie https://t.co/MdnrARacGe	1.0
Putcha simula pa lang netong movie ansakit na agad.	0.0
RT @KVR1993: The thought that M.G.P also had their mall tour today yet Kiks chose to go to Walwal Mall Tour and do all these fan service foâ€¦	0.0
RT @adamzainaal: Heres to Yasmin Ahmadâ€™s last movie, Talentime before her passing. One of the most natural yet funny scene ever.   â€œBoleh tâ€¦	0.0
hot take: i donâ€™t use moviepass to see new first run movies basically ever so if the new fees and pricing makes the moviepass model more sustainable i think itâ€™s good. the day moviepass finally dies will be a dark dark day for me	2.0
RT @manuriosfdez: honestly thank u https://t.co/bS4UdvgGzQ	0.0
RT @CoupleWishes: Drive in movie w/ my cutie ğŸ’› https://t.co/8cMVeqocMd	0.0
We've been having a rummage around and found loads of great Steelbooks!  Pick up a Steelbook Blu-Ray from as little as Â£4.99 and find your next movie classic.  Shop Now: https://t.co/YLHtOq7hWy https://t.co/DE4LnQ5jxe	0.0
I wonder if they know that she voted AGAINST putting mandatory E-Verify on the November ballot in Florida as a constitutional amendment thereby letting the voters decide instead of corrupt bought politicians. Perhaps they would have heckled someone else, just sayin. #NoAmnesty https://t.co/5obmXYbQFp	1.0
I kinda want this to be a set up for Secret Wars but the timeline is pretty fucked up for that to happen. :P https://t.co/nqcVvkCIJg	0.0
RT @sexyzone_douga_: å…ƒæ°—ãŒãªã„æ™‚ã«è¦‹ã¦ã»ã—ã„Sexy Zoneå¯ºä¿®è¡Œ(è‡ªåˆ†ã§ã‚‚ä½•ä½œã£ã¦ã‚‹ã‹ã‚ã‹ã‚‰ãªããªã£ãŸ)  #ã½ã¨ã‚‹movie  #SexyZone https://t.co/juAy7tpq4g	1.0
RT @aikonzert: Thank you SM Dasma and Ayala Malls Solenad!  ğŸ¤˜ #WalwalMovie last movie tour done ğŸ˜¥ https://t.co/xhbr6AKzUN	2.0
RT @jbrosenbaum: #ChrisPratt makes a surprise visit to #Vacaville for a special screening of his new movie #JurassicWorldFallenKingdom. #thâ€¦	1.0
RT @empyreall: yall only nasty on twitter. half of you niggas will sit through a subpar netflix movie for damn near two hours just cuddlingâ€¦	0.0
RT @meon091: Omg baby âœ¨ @marlo_mortel https://t.co/Fmd52mjdU4	1.0
Why do you do this... What a way to rub it in.  Iâ€™m sure itâ€™s gonna be amazing though haha https://t.co/x8KdsBH8Yy	2.0
@DoctorRagnarok IMO leia is co protagonist of tesb luke is below even Han for most of that movie. Star Wars has always been about women taking action I donâ€™t know what they watched	0.0
O Cheli Taara ğŸ’ https://t.co/I29agY7PnG	1.0
Aq recommend klau nk tgk movie tu bleh try human centipede.	0.0
RT @CbeAjithFc: Vivegam Hindi Dubbed version Movie Smashed 25M Views on YouTube  Emperor THALA AJITH Create a New Record  Its Just Beginninâ€¦	1.0
@xtina alright https://t.co/WaGg7eoVrf	1.0
RT @BeingUpile: Whole day in bed. Sleep, cuddles, small sex here and there, view of the beach from my bed, breakfast for all meals,some shoâ€¦	2.0
RT @2103cm: Hii, looking for some new mutuals so RT this if you like : -Marvel -Star Wars -B99 -TATBILB -HTGAWM -Stefanie Scott -Harry Pottâ€¦	0.0
I watch this everytime i feel like i want to cry. Two generations with one thing in common, an unfortunate situation. Itâ€™s a great movie about patience and ways to handle grief. Recently out in Netflix so i wa sllike sQuealing   6/10 https://t.co/OzjOOfiFqM	0.0
RT @lordafuqq: Whiplash  Drama  THIS IS THE MOST STRESSFUL MOVIE EVER, J.K Simmons is a monster man, and also its about jazz and drumming,â€¦	1.0
RT @MontyBoa99: FL AG Pam Bondi dropped the state's lawsuit against Trump University. Trump threw her a fundraiser and donated $25,000 immeâ€¦	1.0
RT @hemsolo: sebastian stan right now has a contract to film nine marvel movies. he has 5 more after infinity war. heâ€™s going to finish outâ€¦	0.0
RT @captsoldier: best mcu movies ranked  15. you 14. can't 13. rank 12. them 11. because 10. those 9. all 8. are 7. diverse 6. and  5. allâ€¦	0.0
"RT @NewTSage: Any cartoon or movie we grew up watching \"underrated\" on here https://t.co/w69gou4RM7"	1.0
RT @adorvbucky: Tom: you haven't see the spiderman movie? Anthony: no Tom: ...........well I didn't see the falcon movi- wait there isn't oâ€¦	0.0
RT @aaangelyap: how many bets he wasn't supposed to share that info https://t.co/YTnRu8iEUX	0.0
RT @beautifulcelebz: Character: Michelle Jones  Movie: Spider-Man Homecoming (2017) Actress: Zendaya https://t.co/Q8q7Xvxx5M	1.0
RT @IAmTheSalmanFan: WE DONT WANT DABANGG3    if you make another Dabangg3 thn it will be another disaster like Race3 .  We want our supersâ€¦	0.0
RT @MCU_Tweets: Here's the logo for the movie, as shown by @TomHolland1996 on his newest Instagram post: https://t.co/Z40NHpeta5	0.0
RT @JackPosobiec: To be clear: Peter Fonda still has a twitter account, @SonyPictures still has his movie in theaters, and no one pulled hiâ€¦	0.0
RT @THR: Movie trailers this week: @michaelb4jordan in #CreedII, @TiffanyHaddish in 'Nobody's Fool' https://t.co/fg4DVgvZPB https://t.co/VIâ€¦	0.0
RT @colebrax: BTS on the opening of 'Twilight Zone: The Movie' (1983), discussed on my podcast w/ @hwoodminotaur &amp; @KevinGeeksOut: https://â€¦	1.0
RT @TheHateUGive: The official movie trailer for #TheHateUGive arrives tomorrow. https://t.co/ZMobBSa6jS	1.0
RT @OMGits_Khairy: Nah Marvel goes for who fitsvthw role, not for who has the biggest name.   DC goes for names, not for who fits. https://â€¦	0.0
RT @UnknownKongYT: i just remembered this chinese bootleg dvd of the simpsons movie with the greatest dvd menu of all time and i can't stopâ€¦	0.0
@BeingSalmanKhan @BeingSalmanKhan BAJRANGI BHAIJAAN IS THE ONLY MOVIE IN THE BOLLYWOOD WHICH I CAN EVEN SEE 10 TIMES IN A DAY AND DAILY. THANKS FOR GIVEN SUCH STORY. EVERY TIME I WATCH AND START CRYING AT THE END. BEING HUMAN ğŸ™	0.0
RT @natethegreat118: Thereâ€™s literally 5 movies on why this is a bad idea https://t.co/WypQ15kBse	0.0
RT @navneet_mundhra: In a 1992 interview, Salman Khan is talking about his then-upcoming movie 'Andaz Apna Apna'. He asserted that it wouldâ€¦	1.0
AWFUL. Florida GOP Attorney General Pam Bondi Needs Police Escort to Protect Her from SCREAMING HECKLERS at Movie Theater (Video) https://t.co/LYbH3yCw7i via @gatewaypundit	0.0
"RT @fbrtw: @Herringnjd @JustStarTrek Humm, I liked him in that movie \"The Commitments\"...about the Irish Soul Music band! He played one ofâ€¦"	1.0
RT @sakurabooty: JDNDKSK HELP HE LOOKS SO DIFFERENT BETWEEN THE TWO MOVIES https://t.co/ggmAZv2gcc	0.0
RT @snappysb: Hey i need new mutuals so rt if you stan  - benedict cumberbatch - tom hiddleston - robert downey jr - detroit: become humanâ€¦	0.0
RT @CasanovasCousin: White people in movies will make this breakfast have one bite, sip orange juice and say Iâ€™m late for work LOOOOOOOOOOLâ€¦	0.0
"I just told yet another friend to read the film that is \"Black Movie\". @Danez_Smif, thank you for blessing us with this. https://t.co/Xp2EKmHwrJ"	2.0
"ğŸ† Congrats to @WorkWithKirk who found screenshot #84840 \"The Kentucky Fried Movie\" (John Landis-1977). https://t.co/EGDU8ncDcy"	2.0
RT @puneetsingh: Pio the antagonist for the next Jurassic Park movie https://t.co/GIN1T43uoz	1.0
RT @WarpsiwaJAV: JUY-530 Takarada Monami ğŸ” #à¸§à¸²à¸£à¹Œà¸›à¸ªà¸´à¸§à¸° #JAV ğŸ¬ Full Movie https://t.co/BvsWqnbN7u https://t.co/altjqrmZ50	1.0
Video: Left-Wing Activists Harass Florida AG Pam Bondi at Movie Theater | Breitbart https://t.co/Qzf8KmGbA1	1.0
@maldita_bunana TOTOO!!! kalma lang tayo sa poot hahaha baka one way na rin ito para maging ready sa movie? Char!	1.0
RT @TLW_2018: 6/23(åœŸ)ï½6/29(é‡‘)ã¯é€£æ—¥ã€ç«‹å·ã§æ¥µéŸ³Ã—2ã€åˆˆè°·ã§å¤§éŸ³é‡ãƒ‘ãƒ¯ãƒ•ãƒ«Ã—2ã€æœ­å¹Œã§æœ€å¤§éŸ³é‡ä¸Šæ˜ ï¼ #ãƒ©ã‚¹ãƒˆãƒ»ãƒ¯ãƒ«ãƒ„    â˜…ç«‹å·ã‚·ãƒãƒã‚·ãƒ†ã‚£ â€»æ¥µéŸ³ â‘ 14:00ï½â‘¡20:40ï½ 6/29è¿„ https://t.co/S2ql4o7yW0   â˜…â€¦	0.0
RT @aikonzert: Thank you SM Dasma and Ayala Malls Solenad!  ğŸ¤˜ #WalwalMovie last movie tour done ğŸ˜¥ https://t.co/xhbr6AKzUN	2.0
Famous Hollywood actors hate the Papparazzi and have tried to get laws passed to stop them. Would like their opinion then on public mobs harassment of politicians at dinner, movies &amp; their homes? Totally fine with it? This will get worse unless people speak out against this trend	0.0
RT @RegalFilms: Walwal Girls at the last Walwal Movie Tour at Ayala Malls Solenad! #WalWal3DaysToGo https://t.co/KHiKp44nJB	0.0
RT @madblackthot: What Happened To Monday still has me shook the hell up https://t.co/y90tjMg3HB	0.0
New post (Tom Holland Just Revealed Title for Next 'Spider-Man' Movie) has been published on Best oF Life Central - https://t.co/utVGA0yJUe https://t.co/fkrMzYAMpC	2.0
Le gusta manosearse y tiene 18  https://t.co/iXOh19pCdr   bad msati 18year movies xxxculos grades peru tetas free puta humillada	1.0
RT @SeamusBellamy: SPOILER:  Spiderman: The Boys Are Back in Town https://t.co/mezUgZEpEX	1.0
RT @1Directioners_E: POWER VOTE #4!!!!!!  â€¢150 RETWEETS = 150 VOTES  â€¢150 REPLIES = 150 VOTES â€¢DON'T ADD EMJOIS! â€¢REPLIES CAN BE REPETITIVEâ€¦	0.0
RT @ginaremondz: @marlo_mortel Where is the other one?.. missing in action? This will be fun and witty movie..Petmalu nga ang cast..goodlucâ€¦	0.0
RT @KTVTAMIL: Don't miss the super hit movie #KandukondainKandukondain starring #Mammootty #AjithKumar #Abbas #Tabu #AishwaryaRai tonight aâ€¦	0.0
RT @wrongpool: best scenes from deadpool 2 ranked:  15. it's hard 14. to rank 13. scenes from the 12. same movie 11. from best to 10. worstâ€¦	0.0
RT @OMGits_Khairy: Nah Marvel goes for who fitsvthw role, not for who has the biggest name.   DC goes for names, not for who fits. https://â€¦	0.0
@TheCinegogue @NormaPierce75 Her is much better movie!!	0.0
RT @behindwoods: Controversial director arrested for attacking police during IPL! https://t.co/RrRQnppKuR	0.0
@LorraineBaboy @chiminychurva @marchutavuth yan nga yung napansin ko nung una. una ko sya napanood dun sa movie na swimmers ba un?	1.0
RT @frhnaakmal: Hidup dkat U, aku nasihatkn jangan: 1. Ikut sgt kwn yg suka pergi jalan kluar sedgkan ad assignment belambak 2. Hbskan duitâ€¦	0.0
RT @captsoldier: best mcu movies ranked  15. you 14. can't 13. rank 12. them 11. because 10. those 9. all 8. are 7. diverse 6. and  5. allâ€¦	0.0
RT @ala_papigod: Love, Simon The Kissing Booth Midnight Sun A Walk to Remember The Fault in our Stars Sword Art Online  Movies and Anime Seâ€¦	0.0
RT @dianaaziz_: I need a museum date!!! Gallery date!!! Zoo date!!! Shopping mall dates movie dates are getting boring!!!	1.0
@frostetoile Not at all, watched a movie and that's probably all of it. I wasn't feeling well this morning, so i decided to stay in	0.0
RT @brian_gazmen: Shooting for PETMALU Movie.ğŸ¥ğŸ¤™ (@marlo_mortel , @hashtag_Vitto , @loyzagadiegs , @thejairusaquino and @hashtag_CK ) #petmaâ€¦	0.0
Hardcore lesson with hawt babe  https://t.co/oLYnsDilXW   beeg rep teens andhrahardcore long hair girl blowjob video 3gp www japamature xxx veeo dick sucking smuts tumbler suid afrikaanse amateur porno video chloe lacourt porn movie	0.0
RT @tolkienianjedi: how the obi wan movie should start https://t.co/GW3dLFwVKx	1.0
RT @ala_papigod: Love, Simon The Kissing Booth Midnight Sun A Walk to Remember The Fault in our Stars Sword Art Online  Movies and Anime Seâ€¦	0.0
Love Island's Wes and Laura have sex as they take the 'do bits society' up a notch #TV #MOVIES #MEDIA https://t.co/NEA7YZKv3K	0.0
RT @IRONLOKl: top mcu movies ranked   10 - all 9 - mcu movies 8 - are 7 - equally 6 - amazing 5 - in 4 - their 3 - own  2 - way 1- Thor: Raâ€¦	0.0
I love youğŸ’— Iâ€™m here any day of the week https://t.co/iIxqWIHOkZ	0.0
This will never happen now esp. after the news of supporting cast and music director. ğŸ‘‡ WE DONT WANT DABANGG 3 https://t.co/32EVS8PIQt	0.0
RT @idfilmcritics: Kulari ke Pantai (2018), 4 reviews.  Critics: â˜…â˜…â˜…â˜… Bloggers: â˜…â˜…â˜…â˜… Audience: â˜…â˜…â˜…â˜… https://t.co/34KCCwvs8p https://t.co/OVâ€¦	1.0
You have the right to kill me, but you do not have the right to judge me. Boom. That's the whole movie. That's life	0.0
RT @sgsaiff: Hey Kids, #DidYouKnow 'Apu's Trilogy' won three National Awards and seven awards at the Cannes, Berlin, and Venice film festivâ€¦	1.0
RT @AleyFarooqq: Ali Zafar ne khana peena chordiya kyun k Mahwash aunty uski movie ka boycott kar rae hain https://t.co/hr2Xtumnew	1.0
Podoba mi siÄ™ film Kong is Not The Only King 'Godzilla' Scene | Kong: Skull Island (2017) Movie CLIP 4K (+Subtitles) w @YouTube â€“	0.0
RT @pinkk9lover: Great news! @DiamondandSilk are coming out with a movie this fall! Go to https://t.co/3QcoyCy5Ja for latest details. #dummâ€¦	1.0
RT @aikonzert: Thank you SM Dasma and Ayala Malls Solenad!  ğŸ¤˜ #WalwalMovie last movie tour done ğŸ˜¥ https://t.co/xhbr6AKzUN	2.0
RT @JackPosobiec: To be clear: Peter Fonda still has a twitter account, @SonyPictures still has his movie in theaters, and no one pulled hiâ€¦	0.0
RT @Tothemoonnbaek: the reason why i kept saying junmyeon's movie instead of the title is because i am confused and i forget the english tiâ€¦	0.0
ãƒŸãƒªã‚·ã‚¿ã—ã¦ãŸã‚‰è¦‹ãŸããªã£ãŸ THE IDOLM@STER MOVIE  è¼ãã®å‘ã“ã†å´ã¸ï¼è¦‹ãªãŒã‚‰å¯ã¾ã™ã‚	0.0
RT @RegalFilms: Thank you Ayala Malls Solenad and for all the ones who supported our Walwal Movie Tour!  #WalWal3DaysToGo https://t.co/pLcXâ€¦	2.0
ã€Movieã€‘ã€ŒAYAKA NATION 2018 in æ¨ªæµœã‚¢ãƒªãƒ¼ãƒŠã€ã‚°ã‚¢ãƒ ãƒ­ã‚±ã‚’ãƒãƒ©è¦‹ã›â™ª https://t.co/mTMsvt09YW	1.0
RT @dianaaziz_: I need a museum date!!! Gallery date!!! Zoo date!!! Shopping mall dates movie dates are getting boring!!!	1.0
RT @Eynlena: If magkakaroon nga ng next movie si kisses and donny i think bagay nga yung sad ang ending. Mala nicholas sparks na movies ganâ€¦	0.0
RT @Man_isssh: Watching dubbed movies be like https://t.co/4pvnL7mlUU	1.0
LolğŸ˜‚ğŸ˜‚ https://t.co/XLcm9toFPj	1.0
"RT @NewTSage: Any cartoon or movie we grew up watching \"underrated\" on here https://t.co/w69gou4RM7"	1.0
RT @RyanGirdusky: I saw this movie. It was great. Not the message Mr. Rogers was trying to send https://t.co/so5G0Z0v3v	0.0
omg yes keep hyping elmo please!!!! para naman mapansin na ng star cinema at mabigyan na sila ng movie ni jea hahaha please lang @StarCinema	2.0
RT @VHSRevival: Intestinal Fortitude: The Conceptual Magic of #Innerspace  Dissecting #JoeDante's long-forgotten #scifi romp  https://t.co/â€¦	1.0
Truth you spilled.  People may refuse to it but there are actually a lot of FILI movies that deserve more than long lines outside the cinemas. Regardless of it's root, MOVIES doesn't end with good cinematography - leaving the cinema educated ranks the truth.  Ada Of Class2018 https://t.co/vuoxcoRfnG	0.0
RT @KTVTAMIL: Don't miss the super hit movie #KandukondainKandukondain starring #Mammootty #AjithKumar #Abbas #Tabu #AishwaryaRai tonight aâ€¦	0.0
RT @BoobieMilez_: Last Night was a Movie #JuneBoyz https://t.co/AwouQ4Eh4A	0.0
RT @APGsMom: @adair1946 @lindammeyrs2001 @PoliticsUnusua1 @andrerucker51 @elaineyvette1 @Trumpgot2go @frankandjannie @belskie @Willis_Hubbaâ€¦	0.0
We Not Even Seen Baba That Movie Baba. YouTube Baba Helped.	0.0
